bandNumber,speciesEnc,colorCombo
"253191135boyhowdy	",NOCA,"G/A,W"
2690-87701,BCCH,"A,BU/BU"
2531-91104,GRCA,"A/P,R"
2531-91103,GRCA,"BU,A/O"
2531-91104,GRCA,"R,A/P"
2531-91102,NOCA,"G,A/W"
2531-91102,NOCA,"G,W"
2531-91101,NOCA,"R/R,A"
2571-83001,Sosp,"A,Y/R"
"2571-83002	",SOSP,"Y/A,BU"
2531-91105,grca,"A/G,G"
2531-91107,GRCA,"O/W,A"
2531-91106,GRCA,"Y/BK,A"
2571-83003,sosp,"A/O,O"
2531-91108,Grca,"BU,O/A"
2690-87702,HOWR,"A/W,W"
2690-87703,bcch,"R,A/BU"
2571-83004,SOSP,"A/W,W"
"2690-87914	",BCCH,"W,W/A"
2531-91109,NOCA,"A/W,W"
2690-87817,BCCH,"W,A/O"
2531-91110,GRCA,"BU,Y/A"
2531-91112,GRCA,"W,A/G"
1212-36665,AMRO,"W,A/BU"
2531-91113,GRCA,"O,A/R"
2690-87915,HOWR,"W/G,A"
1212-36666,AMRO,"W/G,A"
2690-87917,BCCH,"A,BU/G"
2571-83006,SOSP,"W,A/Y"
2690-87918,BCCH,"O,A/R"
2531-91114,GRCA,"A,O/G"
1891-11009,GRCA,"O/BK,A"
2690-87818helloworld,BCCH,"R/G,A"
2531-91116,GRCA,"A/O,Y"
2531-91115,GRCA,"G/A,W"
2531-91117,NOCA,"A,O/Y"
1212-36635,AMRO,"R/G,A"
2531-91120,GRCA,"A/BU,G"
2531-91118,GRCA,"A/O,O"
2531-91119,GRCA,"G/P,A"
2531-91122,GRCA,"P/A,P"
2690-87920,howr,"Y/A,R"
2531-91121,NOCA,"P/A,P"
2571-83007,SOSP,"R/W,A"
1212-36641,AMRO,"A,O/BU"
1212-36637,AMRO,"A,R/R"
1212-36638,AMRO,"G/BK,A"
1212-36639,AMRO,"G/G,A"
"1212-36636	",AMRO,"O/BK,A"
1212-36640,AMRO,"W/Y,A"
1891-11010,GRCA,"A,BK/Y"
2690-87819,HOWR,"A,R/R"
2690-87820,HOWR,"A,BK/Y"
1891-11011,NOCA,"A,R/R"
2291-44300,CARW,"P/BU,A"
2690-87921,HOWR,"A,W/R"
2531-91123,NOCA,"A,O/G"
2531-91124,noca,"A/G,G"
2690-87922,BCCH,"P,A/R"
2690-87923,BCCH,"W/G,A"
2531-91126,NOCA,"A/O,Y"
2531-91125,NOCA,"W,A/Y"
2531-91127,GRCA,"A/BU,Y"
2531-91128,GRCA,"A/O,G"
2531-91129,grca,"Y,G/A"
2571-83008,SOSP,"A/W,G"
2690-87822,HOWR,"BK/G,A"
2690-87821,HOWR,"O,W/A"
1891-11013,GRCA,"BU/P,A"
1891-11014,GRCA,"W,Y/A"
1891-11012,GRCA,"Y/P,A"
1891-11015,NOCA,"W,P/A"
2690-87925,BCCH,"A/O,O"
2690-87926,BCCH,"BU/A,Y"
2690-87924,BCCH,"P/A,W"
2531-91130,GRCA,"A/R,R"
2531-91131,GRCA,"A/W,Y"
2531-91133,GRCA,"W,W/A"
2531-91132,NOCA,"W,A/G"
2571-83010,SOSP,"A/O,Y"
2571-83009,SOSP,"R/O,A"
2690-87823,HOWR,"W,P/A"
269087823,HOWR,"W,P/A"
2531-91134,GRCA,"Y,BK/A"
1212-36642,AMRO,"A/Y,P"
1212-36667,AMRO,"BU,A/O"
2531-91135,NOCA,"G/A,W"
2531-91136,NOCA,"R/W,A"
1212-36643,amro,"BU,P/A"
1212-36644,AMRO,"G/Y,A"
2690-87824,BCCH,"W,Y/A"
2531-91138,GRCA,"Y/A,BU"
2531-91137,GRCA,"Y/A,R"
2690-87927,HOWR,"O/W,A"
1891-11016,GRCA,"W,P/A"
1212-36668,AMRO,"A,O/G"
2690-87928,BCCH,"A/BU,Y"
2690-87929,BCCH,"A/P,R"
1212-36645,AMRO,"W/P,A"
2690-87825,HOWR,"G/Y,A"
2690-87930,BCCH,"A/W,Y"
2690-87931,BCCH,"P,P/A"
2531-91139,GRCA,"BK/R,A"
269087819,HOWR,"A,R/R"
1212-36646,AMRO,"BU,W/A"
269087820,HOWR,"A,BK/Y"
2690-87826,BCCH,"O/BK,A"
2690-87827,BCCH,"W,P/A"
1891-11018,GRCA,"G/G,A"
1891-11017,GRCA,"G/Y,A"
1891-11019,NOCA,"W,Y/A"
2690-87932,BCCH,"G/A,W"
2690-87933,bcch,"O/W,A"
1212-36669,AMRO,"P,A/R"
1212-36670,AMRO,"W,W/A"
2690-87934,BCCH,"O,A/BU"
2531-91140,NOCA,"BU/Y,A"
2690-87830,BCCH,"BU,P/A"
2690-87828,BCCH,"G/G,A"
2690-87831,BCCH,"G/Y,A"
1891-11020,GRCA,"R/BK,A"
2690-87829,HOWR,"W/P,A"
2690-87935,BCCH,"A,O/G"
2690-87936,BCCH,"Y/A,P"
1212-36671,NOMO,"O,R/A"
1212-36647,AMRO,"BU,R/A"
2291-44299,SOSP,"O,A/G"
1212-36672,AMRO,"A/W,G"
2690-87832,BCCH,"R/BK,A"
2531-91142,GRCA,"O,A/BK"
2531-91141,GRCA,"R/W,A"
2291-44298,SOSP,"O/BK,A"
1212-36673,AMRO,"O/W,A"
2690-87835,BCCH,"G,Y/A"
2690-87937,BCCH,"G/P,A"
2690-87834,BCCH,"O,W/A"
2690-87833,BCCH,"W/P,A"
1891-11021,NOCA,"BK,A/BU"
1212-36674,AMRO,"A/O,Y"
1891-11022,GRCA,"BU,R/A"
2690-87939,BCCH,"A/BU,G"
2690-87941,BCCH,"P/A,P"
2690-87938,bcch,"R/R,A"
2531-91144,GRCA,"A,O/Y"
2531-91143,GRCA,"A/W,W"
2571-83011,CARW,"Y,A/G"
1891-11023,GRCA,"G,Y/A"
2690-87836,HOWR,"A/PU,O"
2690-87836,HOWR,"P/A,O"
1212-36648,AMRO,"P/BU,A"
2690-87943,BCCH,"W,A/Y"
2690-87942,BCCH,"W,A/BU"
2531-91145,NOCA,"Y/BK,A"
2690-87837,BCCH,"A,O/BU"
2690-87944,BCCH,"O/A,W"
1891-11024,GRCA,"O/BU,A"
1212-36677,Amro,"A/BU,Y"
1212-36675,AMRO,"A/G,G"
1212-36676,AMRO,"O/R,A"
2690-87948,BCCH,"A/W,W"
2690-87947,BCCH,"O,A/O"
2690-87946,BCCH,"P,A/P"
2571-83012,CARW,"A/BU,G"
2531-91146,GRCA,"O/W,A"
2531-91147,NOCA,"PK/PK,A"
2291-44296,CARW,"W/P,A"
1891-11025,GRCA,"BU,A/G"
2291-44297,SOSP,"O/BU,A"
1212-36678,AMRO,"Y/A,BU"
1891-11029,GRCA,"BK/G,A"
1891-11027,GRCA,"O,BU/A"
1891-11026,Grca,"O/O,A"
1891-11030,GRCA,"R/A,R"
1891-11028,GRCA,"Y/W,A"
2690-87838,HOWR,"G/G,A"
2690-87945,HOWR,"P,A/R"
2531-91148,NOCA,"Y,A/G"
2291-44295,SOSP,"A,R/R"
2690-87949,BCCH,"A/O,Y"
1891-11031,GRCA,"R,O/A"
2690-87839,HOWR,"BU,P/A"
2291-44294,SOSP,"BU,W/A"
2291-44292,SOSP,"G,Y/A"
2291-44293,SOSP,"Y,A/Y"
1212-36679,AMRO,"P,A/P"
2690-87840,BCCH,"G,A/P"
2571-83013,CARW,"A/R,R"
2571-83014,CARW,"W,W/A"
1891-11032,GRCA,"BU,W/A"
2531-91149,GRCA,"R,A/R"
1891-11033,GRCA,"R/G,A"
2291-44290,SOSP,"G/Y,A"
2291-44291,SOSP,"R/A,BU"
2291-44289,SOSP,"W,P/A"
2690-87951,BCCH,"A/R,R"
2531-91150,GRCA,"W,A/BU"
2531-91151,GRCA,"Y/A,G"
2690-87953,HOWR,"BU/A,O"
2690-87952,HOWR,"W,W/A"
2571-83015,SOSP,"P/A,P"
2531-91152,GRCA,"R/O,A"
2531-91154,GRCA,"BU/A,W"
2531-91153,GRCA,"O,R/A"
2531-91155,GRCA,"PK,A/PK"
1891-11034,NOCA,"G/Y,A"
253191136,NOCA,"R/W,A"
269087944,BCCH,"O/A,W"
189111011,NOCA,"A,R/R"
189111021,NOCA,"BK, A/BU"
253191101,NOCA,"R/R,A"
253191102,NOCA,"G,A/W"
269087701,BCCH,"A,BU/BU"
253191185,NOCA,"O,A/P"
269087794,BCCH,"O/R,A"
269087833,BCCH,"W/P,A"
256186618,NOCA,"O/A,O"
273027544,BCCH,"G/R,A"
269087719,BCCH,"BU/A,P"
256186608,noca,"A,O/P"
189111034,NOCA,"G/Y,A"
269087918,BCCH,"O,A/R"
269087941,BCCH,"P/A,P"
269087939,BCCH,"A/BU,G"
1212-36649,AMRO,"G,A/P"
2531-91183,GRCA,"A/Y,BU"
1891-11036,GRCA,"BK/A,BK"
2531-91184,GRCA,"G,A/P"
2531-91183,GRCA,"Y,Y"
189111021,NOCA,"BK,A/BU"
2690-87894,BCCH,"R/R,A"
1891-11038,GRCA,"A,R/G"
1891-11037,NOCA,"O/BK,A"
1212-36650,AMRO,"A,BK/Y"
1212-36651,AMRO,"R,O/A"
1212-36652,AMRO,"BK/G,A"
2531-91185,NOCA,"O,A/P"
121236641,AMRO,"A,O/BU"
265143211,GRCA,"BK/A,O"
1212-11431,AMRO,"Y/A,R"
2690-87899,BCCH,"Y/A,R"
2690-87896,HOWR,"BK,P/A"
2690-87898,HOWR,"G/P,A"
2690-87897,HOWR,"O,A/R"
2690-87895,HOWR,"W,A/Y"
1891-11039,NOCA,"G,A/BU"
2291-44283,SOSP,"W/G,A"
2571-83033,SOSP,"Y/BK,A"
1212-52900,AMRO,"BK,A/BU"
1212-52899,AMRO,"W,P/A"
2690-87704,BCCH,"A,R/R"
2561-86602,GRCA,"A,R/R"
2561-86603,GRCA,"A,O/P"
2371-04305,GRCA,"BK,BK/A"
2561-86601,NOCA,"A,B/Y"
2371-04306,SOSP,"A,BK/Y"
1212-52898,AMRO,"R,A/BK"
2690-87707,BCCH,"A,O/P"
2690-87706,BCCH,"A,BK/Y"
2561-86604,NOCA,"G,A/P"
2690-87708,BCCH,"BK,A/BU"
2690-87709,BCCH,"W/A,P"
2561-86605,NOCA,"BU,P/A"
1212-52835,AMRO,"A,O/P"
2690-87705,BCCH,"O,A/P"
1212-36653,AMRO,"A,W/R"
1212-52851,AMRO,"BK/A,BK"
2561-86606,GRCA,"G/BK,A"
253191149,GRCA,"R,A/R"
1212-52852,AMRO,"W/A,P"
2690-87711,HOWR,"A,W/Y"
2690-87711,HOWR,"A,W/O"
1212-36654,AMRO,"O,A/R"
1212-52853,AMRO,"R/BK,A"
2371-04309,CARW,"W,Y/A"
2561-86607,GRCA,"O,A/P"
1891-11040,GRCA,"P,BU/A"
2561-86609,GRCA,"R,BU/A"
2690-87710,HOWR,"O/BK,A"
2561-86608,NOCA,"A,O/P"
2371-04307,SOSP,"A/P,O/P"
2371-04308,SOSP,"BK,A/BU"
269087825,HOWR,"G/Y,A"
1212-36657,AMRO,"R/R,A"
1212-36656,AMRO,"W,A/Y"
2690-87712,BCCH,"A,R/G"
2371-04310,Carw,"A,R/R"
1891-11042,NOCA,"A,G/R"
1891-11041,NOCA,"BU,A/O"
2571-83034,SOSP,"A/BU,G"
2291-44282,SOSP,"R/R,A"
2690-87715,BCCH,"R,O/A"
2690-87714,HOWR,"G,Y/A"
2690-87713,HOWR,"R,A/BK"
2561-86610,NOCA,"G/G,A"
1891-11045,NOCA,"A/BU,G"
1891-11043,NOCA,"A/Y,R"
2690-87716,BCCH,"Y/P,A"
2690-87719,BCCH,"BU/A,P"
2690-87718,BCCH,"R,A/BK"
2561-86613,GRCA,"G/A,BU"
2561-86611,GRCA,"O/A,O"
2561-86612,GRCA,"R/Y,A"
2690-87717,HOWR,"A/Y,Y"
2690-87720,HOWR,"W/A,P"
2571-83035,SOSP,"A,W/R"
2371-04311,SOSP,"O/A,O"
2571-83037,SOSP,"P,BU/A"
2571-83036,SOSP,"Y,A/G"
237104311,SOSP,"O/A,O"
256186612,GRCA,"R/Y,A"
269087718,BCCH,"R,A/BK"
269087720,HOWR,"W/A,P"
1212-52854,AMRO,"A,P/BU"
2690-87722,BCCH,"A,P/BU"
2690-87724,BCCH,"BK/A,BK"
2571-83038,carw,"A,R/R"
2561-86614,GRCA,"P,A/G"
1891-11048,GRCA,"R/R,A"
2690-87725,HOWR,"A,O/P"
2690-87721,HOWR,"BK,A/BU"
2690-87723,HOWR,"W,Y/A"
1891-11046,NOCA,"W/G,A"
1891-11047,NOCA,"Y/A,P"
2571-83039,SOSP,"A,O/Y"
2690-87591,BCCH,"Y/A,BU"
1891-11049,GRCA,"R/R,A"
1891-11050,GRCA,"Y/A,P"
2690-87900,HOWR,"A,R/G"
2690-87594,HOWR,"A/O,O"
121236666,AMRO,"W/G,A"
1212-52850,AMRO,"A,W/O"
2690-87726,BCCH,"A,W/O"
2561-86616,NOCA,"A,P/BU"
2561-86615,NOCA,"R/G,A"
1212-52849,NOMO,"A,R/R"
1212-52847,AMRO,"O,A/P"
2561-86617,GRCA,"A,O/BU"
2561-86619,GRCA,"R,A/BK"
2561-86618,NOCA,"O/A,O"
2690-87592,HOWR,"A/BU,G"
1212-52848,AMRO,"A,R/G"
1212-36658,AMRO,"A/BU,G"
1212-52846,AMRO,"O/A,O"
2690-87728,BCCH,"BU,W/A"
2561-86620,GRCA,"A/O,BU"
2561-86621,GRCA,"A/Y,G"
1891-11051,NOCA,"A/BU,Y"
1891-11052,NOCA,"O,A/BK"
2571-83040,SOSP,"W,A/BU"
2291-44281,SOSP,"Y/A,P"
2561-86622,GRCA,"Y/A,BK"
2371-04313,SOSP,"A,BK/R"
2371-04312,SOSP,"A/Y,Y"
1891-11053,GRCA,"G/O,A"
1212-52844,AMRO,"A/O,BU"
1212-52845,AMRO,"P,A/G"
2571-83041,CARW,"A/W,W"
2571-83042,CARW,"Y/A,R"
2561-86624,GRCA,"BK,A/Y"
1891-11054,GRCA,"BK,P/A"
2561-86623,GRCA,"BU/A,P"
2561-86625,GRCA,"Y,A/Y"
2371-04314,SOSP,"O/O,A"
2571-83043,SOSP,"W,A/G"
1212-52843,AMRO,"R,BU/A"
2690-87593,BCCH,"A,Y/O"
2690-87729,BCCH,"A,W/Y"
2690-87730,BCCH,"O/A,O"
2371-04317,CARW,"G/G,A"
2561-86699,GRCA,"A/G,R"
2561-86626,GRCA,"O,P/A"
2690-87731,HOWR,"G,A/P"
2371-04315,SOSP,"BU,P/A"
2371-04316,SOSP,"R/BK,A"
253191144,GRCA,"A,O/Y"
1212-52841,AMRO,"A,G/G"
1212-52842,AMRO,"BU,A/R"
1212-52840,AMRO,"O/Y,A"
2690-87733,BCCH,"A/Y,G"
2690-87732,BCCH,"O,P/A"
2561-86698,GRCA,"BK,A/R"
2371-04318,SOSP,"G/G,A"
269087830,BCCH,"BU,P/A"
1212-52839,AMRO,"A/R,G"
1212-36659,AMRO,"A/W,W"
2561-86630,GRCA,"A/R,O"
2561-86629,GRCA,"BK,A/BU"
1891-11056,GRCA,"BU/BK,A"
1891-11057,GRCA,"G/A,Y"
2531-91186,GRCA,"O,A/BK"
2690-87596,HOWR,"Y/BK,A"
2531-91187,NOCA,"P,A/R"
2371-04319,SOSP,"A/O,BU"
1891-11055,GRCA,"P,A/R"
1212-52857,AMRO,"A,W/Y"
2690-87743,BCCH,"A,R/W"
2690-87741,BCCH,"A/G,R"
2690-87742,BCCH,"A/Y,Y"
2690-87744,BCCH,"O/O,A"
2561-86697,GRCA,"P/R,A"
2561-86631,NOCA,"Y/P,A"
1212-52838,NOMO,"R,Y/A"
2371-04321,SOSP,"A,P/BU"
2371-04320,SOSP,"BK/A,BK"
2690-87600,BCCH,"BU/BK,A"
2690-87598,BCCH,"R/R,A"
2690-87599,BCCH,"W,A/G"
2531-91188,GRCA,"A/BK,R"
1891-11058,GRCA,"BU/BU,A"
2690-87597,HOWR,"A,G/R"
2640-94501,HOWR,"W,A/BU"
2551-91200,NOCA,"O,A/R"
2571-83044,SOSP,"BU,A/O"
2540-94504,BCCH,"BK,P/A"
2540-94503,BCCH,"R,A/R"
2540-94502,BCCH,"W/Y,A"
2531-91189,NOCA,"BK,P/A"
1212-36660,AMRO,"P/A,P"
1212-36661,AMRO,"R,A/R"
2540-94505,BCCH,"A,W/R"
2571-83045,CARW,"W,A/Y"
1891-11059,GRCA,"A,G/R"
2531-91190,GRCA,"P,P/A"
1891-11060,NOCA,"P,BU/A"
2540-94507,BCCH,"BK/A,W"
2540-94509,BCCH,"G,G/A"
2540-94506,BCCH,"P,BU/A"
2540-94508,BCCH,"R,R/A"
2690-87739,BCCH,"A,W/W"
2690-87735,BCCH,"A,O/BU"
2690-87736,BCCH,"G/BK,A"
2690-87738,BCCH,"R/Y,A"
2561-86627,GRCA,"A,P/BU"
2561-86628,GRCA,"Y/Y,A"
2690-87737,HOWR,"BU,W/A"
2690-87740,HOWR,"O/A,O"
2690-87734,HOWR,"R/G,A"
2540-94510,BCCH,"Y/BK,A"
2291-44279,CARW,"W/G,A"
2531-91191,GRCA,"BK/BK,A"
2531-91192,GRCA,"G,P/A"
2531-91194,GRCA,"O,O/A"
2531-91195,GRCA,"R,R/A"
2531-91193,GRCA,"R/A,Y"
2291-44280,SOSP,"O,A/BK"
1212-52837,AMRO,"A/BU,R"
2690-87746,BCCH,"BU,R/A"
2561-86696,GRCA,"BU,A/R"
2690-87745,HOWR,"R,BU/A"
1212-36663,AMRO,"W,A/G"
1212-36662,AMRO,"Y/BK,A"
1212-11432,AMRO,"O/Y,A"
1212-11434,AMRO,"P,BU/A"
2690-87748,BCCH,"R/A,BU"
2690-87747,BCCH,"Y/A,BK"
1212-11433,NOMO,"O,A/O"
2571-83046,SOSP,"BK,P/A"
2291-44278,SOSP,"O,A/R"
1212-52856,AMRO,"O,W/A"
1212-52896,AMRO,"Y/P,A"
2690-87751,BCCH,"BK,BK/A"
2690-87752,BCCH,"P,A/G"
2690-87753,BCCH,"P/A,O"
2690-87754,BCCH,"R,Y/A"
2690-87755,BCCH,"W,A/W"
2371-04322,CARW,"G/Y,A"
2561-86693,GRCA,"A,Y/BK"
2561-86694,GRCA,"P/A,O"
2561-86692,GRCA,"R,Y/A"
2561-86695,GRCA,"R/A,BU"
2690-87749,HOWR,"A,P/BU"
2690-87750,HOWR,"A,R/G"
2371-04323,CARW,"O/A,O"
2690-87757,BCCH,"A,G/G"
2690-87758,BCCH,"A/BU,O"
2371-04324,CARW,"BU,W/A"
2371-04325,CARW,"G,Y/A"
1891-11062,GRCA,"A,G"
2561-86691,GRCA,"A,G/G"
2531-91196,GRCA,"A/BU,BL"
1891-11063,GRCA,"A/R,Y"
1891-11061,GRCA,"O/P,A"
2690-87756,HOWR,"O/O,A"
2690-87759,HOWR,"Y/A,BK"
1891-11064,NOCA,"O,R/A"
2561-86633,GRCA,"A,O/O"
2531-91198,GRCA,"A/G,BK"
2531-91197,GRCA,"A/P,P"
2361-86634,GRCA,"BU,Y/A"
1891-11065,GRCA,"BU/R,A"
2561-86632,GRCA,"G,G/A"
2690-87760,HOWR,"O,P/A"
2540-94511,HOWR,"R/R,A"
2571-83049,SOSP,"G,BU/A"
2371-04326,SOSP,"O,P/A"
2571-83048,SOSP,"O/W,A"
2571-83047,SOSP,"P,A/R"
121236693,AMRO,"P,P/A"
269087593,BCCH,"A,Y/O"
2690-87761,BCCH,"BK/G,A"
2690-87763,BCCH,"O,A/Y"
2690-87762,BCCH,"R,BU/A"
2561-86635,GRCA,"R,A/P"
2690-87765,BCCH,"G,A/G"
2690-87764,BCCH,"Y/BU,A"
2371-04328,CARW,"G,A/P"
2371-04327,SOSP,"G,A/P"
253191109,NOCA,"A/W,W"
2690-87766,BCCH,"BK,A/Y"
2540-94513,BCCH,"BU,A/O"
2690-87767,BCCH,"G,R/A"
2540-94512,BCCH,"Y,A/G"
2561-86636,GRCA,"A,BU/G"
2531-91199,NOCA,"G/P,A"
2540-94514,BCCH,"O,A/BU"
2561-85701,NOCA,"R/O,A"
2571-83050,SOSP,"BU,O/A"
253191199,NOCA,"G/P,A"
2690-87769,BCCH,"A,BU/R"
2371-04329,CARW,"W,P/A"
2690-87768,HOWR,"Y,A/Y"
2561-86638,NOCA,"A,O/BU"
2561-86637,NOCA,"A,R/G"
2561-86637,NOCA,"R/G,A"
2571-83051,SOSP,"O,R/A"
269087831,BCCH,"G/Y,A"
2540-94515,BCCH,"A/P,P"
2540-94516,BCCH,"W/BU,A"
2561-86640,GRCA,"A/R,G"
2561-86641,GRCA,"Y,BU/A"
2690-87770,HOWR,"A/G,R"
2561-86639,NOCA,"R/BK,A"
1212-52836,AMRO,"R/A,BU"
2561-86642,GRCA,"A,P/O"
2690-87771,BCCH,"A,P/G"
2690-87772,BCCH,"W/O,A"
2690-87773,BCCH,"Y,A/BU"
2561-86643,NOCA,"G/BK,A"
2561-86644,NOCA,"Y,A,BK"
2561-86644,NOCA,"Y/A,BK"
2540-94517,BCCH,"A/W,G"
2540-94518,BCCH,"BK,A/O"
2571-83052,SOSP,"W,W/A"
2371-04334,CARW,"R/G,A"
2561-86648,GRCA,"A,Y/Y"
2561-86647,GRCA,"BK/A,BU"
2561-86645,GRCA,"R/A,P"
2561-86646,GRCA,"Y,O/A"
2690-87774,HOWR,"A,O/BU"
2371-04333,SOSP,"A,O/O"
2371-04331,SOSP,"A/Y,G"
2371-04332,SOSP,"BU/A,P"
2371-04330,SOSP,"R,O/A"
2690-87779,BCCH,"A/R,G"
2690-87778,BCCH,"W/A,BK"
2561-86650,GRCA,"A/BU,BU"
2561-86649,GRCA,"P/A,G"
2690-87777,HOWR,"A/Y,G"
2690-87775,HOWR,"O,A/P"
2690-87776,HOWR,"R/BK,A"
2540-94519,HOWR,"Y,A/G"
2371-04335,SOSP,"A,O/BU"
2540-94526,BCCH,"A/G,G"
2540-94527,BCCH,"A/O,W"
2540-94524,BCCH,"BU/A,Y"
2540-94525,BCCH,"G/P,A"
2540-94523,BCCH,"R/W,A"
2540-94528,BCCH,"Y/A,O"
1891-11066,GRCA,"A/P,Y"
2540-94520,HOWR,"A,O/Y"
2540-94521,HOWR,"P/A,P"
2540-94522,HOWR,"R,A/R"
1891-11069,GRCA,"BK,A/O"
2690-87780,HOWR,"A/R,O"
2540-94529,HOWR,"A/W,G"
2540-94530,HOWR,"P,P/A"
1891-11068,NOCA,"A/BK,R"
1891-11067,NOCA,"Y/A,BU"
1212-52834,NOMO,"A/Y,Y"
2571-83054,SOSP,"A,O/G"
2571-83056,SOSP,"A,G/R"
2571-83059,SOSP,"A/BK,R"
2571-83053,SOSP,"A/BU,Y"
2571-83057,SOSP,"A/P,R"
2571-83058,SOSP,"A/W,Y"
2571-83055,SOSP,"BK/BK,A"
2371-04336,SOSP,"BK/G,A"
2571-83061,SOSP,"BU/BK,A"
2571-83060,SOSP,"G/P,A"
2371-04337,SOSP,"W/P,A"
2690-87781,BCCH,"A/R,P"
2561-86654,GRCA,"A/G,O"
2690-87782,HOWR,"P,A/R"
2561-86651,NOCA,"P/A,O"
2561-86652,NOCA,"R,O/A"
2561-86653,NOCA,"Y,A/Y"
1891-11073,GRCA,"A,Y/G"
1891-11071,GRCA,"A/O,BU"
1891-11070,GRCA,"A/P,BU"
1891-11072,NOCA,"A/P,R"
1212-36664,NOMO,"O/BU,A"
1212-36664,NOMO,"O/P,A"
2690-87785,BCCH,"A/R,O"
2540-94531,BCCH,"W,A/P"
2291-44277,CARW,"A,Y/BU"
2291-44275,CARW,"O,A/G"
2561-86656,GRCA,"A,BK/R"
2561-86658,GRCA,"BU,G/A"
2561-86659,GRCA,"O/Y,A"
2561-86655,GRCA,"W/P,A"
2690-87784,HOWR,"A/O,BU"
2690-87783,HOWR,"Y/P,A"
2561-86657,NOCA,"A/O,BU"
1212-11436,AMRO,"O,A/BK"
1212-11435,AMRO,"Y/A,P"
1891-11075,GRCA,"BU,A/Y"
1891-11077,GRCA,"G,O/A"
1891-11076,GRCA,"P/A,BK"
2561-86660,GRCA,"W/A,P"
1891-11074,NOCA,"G/P,A"
2690-87788,BCCH,"R,A/P"
2690-87787,BCCH,"Y,A/Y"
2371-04346,CARW,"A,G/Y"
2371-04343,CARW,"A,W/O"
2371-04342,CARW,"BU,P/A"
2561-86661,GRCA,"A,W/O"
2561-86662,GRCA,"R/A,G"
2690-87786,HOWR,"R/Y,A"
1891-11078,NOCA,"R/Y,A"
2371-04347,SOSP,"A,W/O"
2371-04341,SOSP,"BK,A/Y"
2371-04344,SOSP,"BU/O,A"
2371-04340,SOSP,"R/G,A"
2371-04345,SOSP,"W/A,P"
2371-04338,SOSP,"W/P,A"
1212-11439,AMRO,"A/BK,R"
1891-11081,GRCA,"A,R/O"
1891-11079,GRCA,"P,Y/A"
1891-11080,NOCA,"BU/BK,A"
1212-11438,NOMO,"A/W,W"
1212-11440,NOMO,"Y/A,R"
2571-83062,SOSP,"R,A/R"
2690-87791,BCCH,"A,Y/Y"
2690-87790,BCCH,"A,BU/P"
2690-87794,BCCH,"O/R,A"
2690-87793,BCCH,"P,A/G"
2690-87792,BCCH,"R/A,BK"
2690-87789,BCCH,"W,A/O"
2371-04349,CARW,"A/G,R"
2371-04348,CARW,"O/BK,A"
1212-11441,AMRO,"Y,A/G"
2660-85447,BCCH,"G/A,G"
2690-87800,BCCH,"P/O,A"
2660-85448,BCCH,"R/A,R"
2690-87798,BCCH,"W/BK,A"
2690-87799,BCCH,"Y,BU/A"
1891-11083,GRCA,"W,A/Y"
2660-85449,HOWR,"A,W/W"
2660-85446,HOWR,"BU/A,P"
2690-87796,HOWR,"G/BK,A"
2690-87797,HOWR,"R,O/A"
2540-94532,HOWR,"Y,A/G"
2690-87795,HOWR,"Y/Y,A"
1891-11082,NOCA,"A/O,O"
2561-86664,NOCA,"A/Y,G"
2561-86663,NOCA,"BU,R/A"
1212-52855,AMRO,"Y/A,BK"
2371-04350,CARW,"BK,A/BK"
2561-86665,GRCA,"A,W/Y"
2561-86666,GRCA,"P/O,A"
2561-86690,GRCA,"R,BK/A"
2540-94533,HOWR,"Y/A,P"
1212-11442,AMRO,"A,GR/R"
2540-94534,BCCH,"A,O/P"
2540-94535,BCCH,"A,Y/R"
2371-04351,CARW,"A/Y,Y"
1891-11087,GRCA,"A,R"
2561-86669,GRCA,"A,G/BU"
2561-86671,GRCA,"A/W,BK"
1891-11084,GRCA,"P,A/BK"
2561-86668,GRCA,"R/P,A"
2561-86670,GRCA,"Y/R,A"
1891-11086,NOCA,"A/O,G"
2561-86667,NOCA,"R,A/P"
1891-11085,NOCA,"W,A/BU"
2660-85451,BCCH,"A,BK/R"
2660-85453,BCCH,"BU/O,A"
2660-85452,BCCH,"G,W/A"
2371-04352,CARW,"A/Y,P"
2561-86673,GRCA,"A,Y/O"
2561-86672,GRCA,"R,A/G"
2660-85450,HOWR,"A/R,P"
1212-11444,NOMO,"R/R,A"
1212-11443,NOMO,"W,A/Y"
1212-11445,AMRO,"G/P,A"
2660-85454,BCCH,"A,R/P"
2660-85455,BCCH,"BK/O,A"
2371-04353,CARW,"R,BU/A"
2371-04354,CARW,"Y/P,A"
1891-11091,GRCA,"BK/A,W"
2561-86674,GRCA,"Y/BU,A"
1891-11089,NOCA,"A/R,R"
1891-11088,NOCA,"Y,G/A"
1212-52858,AMRO,"R,A/P"
2540-94536,BCCH,"BK/BK,A"
2660-85456,BCCH,"R/A,P"
2291-44274,CARW,"P,BU/A"
2371-04355,SOSP,"A/G,R"
2540-94537,BCCH,"O,R/A"
2540-94538,BCCH,"Y,G/A"
1891-11092,NOCA,"A,G/W"
2660-85460,BCCH,"A,G/BU"
2660-85459,BCCH,"R,A/O"
2371-04357,CARW,"A,G/G"
2561-86676,GRCA,"A/BU,P"
2561-86675,GRCA,"G,R/A"
2660-85457,HOWR,"O,A/W"
2660-85458,HOWR,"R,G/A"
2371-04356,SOSP,"Y/P,A"
237104357,CARW,"A,G/G"
2561-86688,GRCA,"A/G,P"
2561-86689,NOCA,"BU/A,Y"
2660-85461,BCCH,"R/O,A"
2371-04359,CARW,"A,W/R"
2371-04358,CARW,"Y/BK,A"
269087791,BCCH,"A,Y/Y"
269087792,BCCH,"R/A,BK"
237104348,CARW,"O/BK,A"
237104349,CARW,"A/G,R"
121236643,AMRO,"BU,P/A"
237104333,SOSP,"A,O/O"
269106138,CARW,"O/O,A"
273027545,BCCH,"Y/A,Y"
273027546,BCCH,"O/G,A"
256186637,NOCA,"A,R/G"
256186637,NOCA,"R/G,A"
121236664,NOMO,"O/P,A"
269087755,BCCH,"W,A/W"
121252856,AMRO,"O,W/A"
256186644,NOCA,"Y,A,BK"
256186610,NOCA,"G/G,A"
253191116,GRCA,"A/O,Y"
269087715,BCCH,"R,O/A"
269087793,BCCH,"P,A/G"
2720-99601,BCCH,"Y/P,A"
2641-85399,GRCA,"Y,A/Y"
2571-83107,SOSP,"BU,R/A"
2720-99602,BCCH,"A/BK,R"
2720-99603,BCCH,"BU/Y,A"
189111070,GRCA,"A/P,BU"
1352-63501,AMRO,"R/W,A"
2720-99604,EAPH,"-,A"
2641-85601,GRCA,"O,W/A"
2691-06102,SOSP,"G/BK,A"
2691-06101,SOSP,"W,Y/A"
256186689,NOCA,"BU/A,Y"
2720-99501,BCCH,"BU,BK/A"
2641-85602,GRCA,"W/A,BK"
2571-83108,GRCA,"W/BK,A"
2641-85400,NOCA,"W/P,A"
2571-83109,SOSP,"R,A/BK"
1352-63502,AMRO,"BK,BK/A"
1352-63503,AMRO,"R/Y,A"
2720-99502,BCCH,"R/A,W"
2651-17001,GRCA,"R/A,W"
2720-99605,HOWR,"P,A/G"
1352-63504,RBWO,",A"
2691-86601,SOSP,"BK,BK/A"
2720-99504,BCCH,"R,W/A"
2691-86602,CARW,"W/A,P"
2651-17004,GRCA,"A,G/Y"
2651-17003,GRCA,"A/BK,O"
2651-17002,GRCA,"BU,BK/A"
2720-99503,HOWR,"R/A,BU"
1352-63505,NOMO,"O/A,O"
2691-86603,SOSP,"O,A/P"
1352-63506,AMRO,"G,Y/A"
1352-63507,AMRO,"P/A,O"
2720-99505,BCCH,"W/A,BU"
2641-85603,GRCA,"A/BK,Y"
1212-36682,AMRO,"BK,P/A"
1212-36680,AMRO,"R/O,A"
1212-36681,AMRO,"Y,BK/A"
2730-27502,BCCH,"A/O,G"
2651-17103,GRCA,"A,Y/R"
2651-17102,GRCA,"A,P/P"
2651-17101,GRCA,"Y/A,Y"
2730-27501,HOWR,"P,BU/A"
2371-04360,SOSP,"G/A,W"
2371-04361,SOSP,"Y,BK/A"
189111091,GRCA,"BK/A,W"
1212-36683,AMRO,"A/P,R"
2730-27504,BCCH,"BU,O/A"
2730-27503,BCCH,"Y,BK/A"
2651-17104,NOCA,"P,P/A"
2651-17105,NOCA,"R,A/R"
2371-04362,SOSP,"P/A,W"
2730-27505,BCCH,"BK/BK,A"
2730-27506,BCCH,"BK/R,A"
2651-17109,GRCA,"A,W/R"
2651-17108,GRCA,"BK,A/BK"
2651-17107,GRCA,"W/G,A"
2651-17106,NOCA,"A,W/R"
1212-36684,RBWO,",A"
2371-04366,SOSP,"A/R,R"
2371-04364,SOSP,"BK/R,A"
2371-04363,SOSP,"BU/Y,A"
2371-04365,SOSP,"O/A,W"
2371-04365,SOSP,"W,O/A"
253191126,NOCA,"A/O,Y"
2730-27507,BCCH,"P/A,Y"
2730-27508,BCCH,"W/A,W"
2651-17110,NOCA,"W,W/A"
1352-63508,AMRO,"Y,A/Y"
2720-99508,BCCH,"A/W,O"
2720-99509,BCCH,"R,P/A"
2691-06103,CARW,"O,W/A"
2641-85605,GRCA,"G/A,BK"
2641-85604,GRCA,"R,W/A"
2720-99507,HOWR,"BK/A,BK"
2720-99506,HOWR,"R,A/P"
2641-85607,NOCA,"BU,W/A"
2641-85606,NOCA,"G,Y/A"
2691-06104,SOSP,"A,W/Y"
2720-99512,BCCH,"BU,A/G"
2720-99511,BCCH,"BU,A/R"
2720-99510,BCCH,"R,BK/A"
2371-04368,CARW,"A,O/Y"
2371-04367,CARW,"P/A,P"
2641-85608,GRCA,"A,R/W"
2651-17111,GRCA,"A/W,G"
2651-17112,GRCA,"BU/A,O"
2691-06105,SOSP,"A,R/G"
2691-06106,SOSP,"Y/A,BK"
189111048,GRCA,"R/R,A"
2730-27510,BCCH,"A,G/W"
2730-27509,BCCH,"A,R/Y"
2651-17113,GRCA,"P/A,W"
2691-06107,SOSP,"P,A/G"
2720-99514,BCCH,"P,A/W"
2720-99513,BCCH,"Y/Y,A"
2641-85609,NOCA,"W/A,P"
1212-36685,AMRO,"A/W,Y"
2371-04369,SOSP,"A/O,G"
2371-04371,SOSP,"BK/A,W"
2371-04372,SOSP,"BU/A,Y"
2371-04370,SOSP,"P,P/A"
1352-63509,AMRO,"A,G"
1352-63510,AMRO,"O,P/A"
2641-85613,GRCA,"A,BU/R"
2641-85612,GRCA,"BK,Y/A"
2641-85611,GRCA,"BU/O,A"
2641-85610,GRCA,"W/A,BU"
2720-99516,HOWR,"A/BK,O"
2720-99515,HOWR,"Y,BU/A"
2691-06108,SOSP,"Y/A,BK"
256186695,GRCA,"R/A,BU"
2730-27511,BCCH,"BK/A,R"
2371-04373,CARW,"O,R/A"
2651-17116,GRCA,"A/O,P"
2651-17115,GRCA,"W/Y,A"
2651-17114,NOCA,"BK,A/W"
2720-99517,BCCH,"A,P/O"
2720-99518,BCCH,"R,A/W"
2641-85614,GRCA,"A,P/G"
2641-85615,GRCA,"W/O,A"
2641-85616,NOCA,"BK/A,BK"
2691-06109,SOSP,"R,Y/A"
2691-06110,SOSP,"W/BK,A"
1352-63511,AMRO,"O/O,A"
1212-52860,AMRO,"G/A,W"
2730-27512,BCCH,"BU,A/BU"
1212-52859,NOMO,"Y/BK,A"
1212-52862,AMRO,"A/O,O"
2651-17119,GRCA,"A,O/R"
2651-17117,GRCA,"A,G/W"
2720-99519,HOWR,"A,BU/W"
2651-17118,NOCA,"BU,O/A"
2691-06111,SOSP,"R/Y,A"
1212-52865,AMRO,"O/A,W"
1212-52866,AMRO,"P/A,W"
1212-52864,AMRO,"P/BK,A"
2720-99521,BCCH,"A/P,W"
2730-27513,BCCH,"BU/W,A"
2691-06112,CARW,"A,O/P"
2641-85617,GRCA,"A,W/W"
2651-17122,GRCA,"O,A/O"
2651-17121,GRCA,"P,A/Y"
2651-17120,GRCA,"W/BU,A"
2720-99520,HOWR,"R,W/A"
2730-27514,HOWR,"W,A/G"
269087917,BCCH,"A,BU/G"
121252896,AMRO,"Y/P,A"
269087732,BCCH,"O,P/A"
2720-99524,BCCH,"O,A/W"
2720-99524,BCCH,"O,W/A"
2691-06113,CARW,"A,P/BU"
2691-06114,CARW,"R/Y,A"
2641-85618,GRCA,"G,W/A"
2641-85620,GRCA,"O/A,BU"
2641-85619,GRCA,"P/A,Y"
2720-99523,HOWR,"BU,R/A"
272099521,BCCH,"W/G,W"
2720-99522,BCCH,"A/W,BK"
2720-99525,BCCH,"O/Y,A"
2691-06115,CARW,"A,O/BU"
2371-04375,CARW,"W,A/G"
2651-17125,GRCA,"A/O,P"
2651-17129,GRCA,"G,BU/A"
2651-17128,GRCA,"R,A/Y"
2651-17124,GRCA,"W,G/A"
2651-17126,GRCA,"W/A,W"
2651-17127,GRCA,"W/R,A"
2651-17130,GRCA,"Y,Y/A"
2730-27515,HOWR,"O,A/BK"
2651-17131,NOCA,"A/W,Y"
2651-17123,NOCA,"G,P/A"
2371-04374,SOSP,"G,P/A"
272099515,HOWR,"Y,BU/A"
2730-27516,BCCH,"Y,Y/A"
2651-17135,GRCA,"A/Y,O"
2651-17133,GRCA,"BU,BU/A"
2651-17134,GRCA,"P,G/A"
2651-17132,GRCA,"W,R/A"
2371-04376,SOSP,"P,A/P"
2371-04377,SOSP,"Y,G/A"
2720-99526,HOWR,"BK,BK/A"
2720-99527,HOWR,"R,Y/A"
269087708,BCCH,"BK,A/BU"
1212-52863,AMRO,"BU/BK,A"
2730-27517,BCCH,"O/P,A"
2730-27518,BCCH,"W,R/A"
2371-04379,CARW,"W,A/BU"
2651-17139,GRCA,"A,P/Y"
2651-17138,GRCA,"A,BU/Y"
2651-17136,GRCA,"A/W,R/A"
2651-17137,GRCA,"W,BK/A"
2371-04383,SOSP,"A,BK/G"
2371-04382,SOSP,"A,BU/Y"
2371-04385,SOSP,"A/G,G"
2371-04380,SOSP,"BU,BU/A"
2371-04384,SOSP,"G/BU,A"
2371-04381,SOSP,"W,BK/A"
2371-04378,SOSP,"W,R/A"
2720-99529,BCCH,"BU,G/A"
2720-99528,BCCH,"W,A/R"
2651-17142,GRCA,"BU/W,A"
2641-85621,GRCA,"G/A,P"
2651-17140,GRCA,"O,Y/A"
2730-27520,HOWR,"BU/A,G"
2730-27519,HOWR,"R/W,A"
2651-17141,NOCA,"A/W,G"
2691-06116,SOSP,"A/G,R"
2691-06117,SOSP,"O,W/A"
269087894,BCCH,"R/R,A"
1212-52861,AMRO,"Y,G/A"
2651-17144,GRCA,"A,R/Y"
2651-17143,GRCA,"A,BK/W"
2730-27521,HOWR,"A/R,R"
2720-99531,BCCH,"A/BK,Y"
2730-27522,BCCH,"BU,A/Y"
2720-99530,BCCH,"G/A,BU"
2720-99532,BCCH,"O/BU,A"
2730-27526,BCCH,"P/P,A"
2730-27525,BCCH,"W/W,A"
2651-17145,GRCA,"G,G/A"
2651-17147,GRCA,"W,A/P"
2730-27524,HOWR,"P,A/P"
2730-27523,HOWR,"Y/A,BU"
2651-17146,NOCA,"P/A,W"
2371-04390,SOSP,"A,W/G"
2371-04389,SOSP,"A,W/P"
2371-04391,SOSP,"G/R,A"
2371-04387,SOSP,"P,G/A"
2371-04388,SOSP,"R,R/A"
2371-04386,SOSP,"Y,Y/A"
273027524,HOWR,"P,A/P"
273027523,HOWR,"Y/A,BU"
273027522,BCCH,"BU,A/Y"
237104391,SOSP,"G/R,A"
265117145,GRCA,"G,G/A"
265117146,NOCA,"P/A,W"
265117147,GRCA,"W,A/P"
273027525,BCCH,"W/W,A"
273027526,BCCH,"P/P,A"
1352-63512,AMRO,"BU/A,P"
2720-99534,BCCH,"A/BK,BU"
2720-99533,BCCH,"G,A/BU"
2691-06118,CARW,"A,BK/Y"
2691-06120,CARW,"R,A/BK"
2641-85622,GRCA,"P,A/W"
2691-06119,SOSP,"P/A,O"
256186631,NOCA,"Y/P,A"
2691-06121,CARW,"A,W/Y"
2641-85624,GRCA,"W,A/R"
2641-85623,NOCA,"R,A/BK"
2730-27528,HOWR,"G/A,W"
2730-27527,HOWR,"O,R/A"
1352-63514,AMRO,"A,Y/O"
1352-63513,AMRO,"A/G,R"
2641-85629,GRCA,"A,R/BU"
2641-85628,GRCA,"A/W,O"
2641-85626,GRCA,"BU/G,A"
2641-85625,GRCA,"G/A,G"
2641-85627,GRCA,"O/A,Y"
2720-99536,HOWR,"R,A/O"
2720-99535,HOWR,"W/BK,A"
1352-63515,AMRO,"W/BK,A"
2720-99538,BCCH,"A,BU/G"
2720-99537,HOWR,"A/R,G"
2720-99539,HOWR,"P/O,A"
2730-27529,HOWR,"A/P,R"
2651-17148,NOCA,"Y,BK/A"
2641-85632,GRCA,"BK/A,P"
2641-85631,GRCA,"G,A/BU"
2641-85630,GRCA,"O/R,A"
1352-63516,NOMO,"A,BK/Y"
189111072,NOCA,"A/P,R"
1212-36686,AMRO,"A/O,G"
1212-52867,AMRO,"W,A/BK"
2730-27530,BCCH,"R,A/Y"
2651-17150,GRCA,"A,BU/BK"
2651-17149,GRCA,"A/W,P"
2730-27531,HOWR,"G/BU,A"
2720-99540,BCCH,"G/W,A"
2371-04392,CARW,"Y/A,P"
2651-17151,GRCA,"G/R,A"
2730-27532,HOWR,"A/BU,Y"
2730-27535,HOWR,"P/A,W"
2730-27533,HOWR,"R/O,A"
1212-36687,NOMO,"W/G,A"
2371-04393,SOSP,"W/Y,A"
2641-85633,GRCA,"Y/O,A"
2691-06122,SOSP,"R,BU/A"
1212-36689,AMRO,"A,W/BU"
1352-63517,AMRO,"A/Y,G"
1212-36688,AMRO,"O/P,A"
2720-99546,BCCH,"A,G/Y"
2720-99545,BCCH,"A/BU,P"
2720-99543,BCCH,"BU,Y/A"
2720-99542,BCCH,"G/A,BK"
2720-99544,BCCH,"R/A,G"
2691-06123,CARW,"BK/A,BK"
2371-04394,CARW,"P,A/R"
2641-85638,GRCA,"A/P,W"
2651-17152,GRCA,"A/R,BU"
2641-85639,GRCA,"BK/Y,A"
2641-85635,GRCA,"G,A/O"
2641-85634,GRCA,"R,P/A"
2720-99541,HOWR,"A,G/G"
2730-27536,HOWR,"A/O,Y"
2641-85637,NOCA,"A,W/Y"
2641-85636,NOCA,"A,W/O"
2651-17154,NOCA,"BK/R,A"
2651-17153,NOCA,"P,A/P"
1212-36690,RBWO,",A"
2691-06124,SOSP,"R,A/P"
2730-27537,BCCH,"BU/R,A"
2730-27538,BCCH,"G/O,A"
2371-04395,CARW,"G/P,A"
2371-04396,CARW,"O,A/BK"
2651-17155,GRCA,"R,A/BU"
1352-63518,AMRO,"A,R/P"
1352-63519,AMRO,"G,R/A"
1352-63521,AMRO,"R,Y/A"
2720-99548,BCCH,"BK,Y/A"
2720-99547,HOWR,"G,W/A"
1352-63520,NOMO,"O/BK,A"
265117119,GRCA,"A,O/R"
2730-27539,BCCH,"A/P,BU"
2730-27541,BCCH,"G/BU,A"
2730-27540,BCCH,"P,Y/A"
2651-17156,GRCA,"A/O,W"
2730-27543,BCCH,"BU/BU,A"
2730-27542,BCCH,"W/R,A"
2651-17157,GRCA,"W/W,A"
2371-04397,SOSP,"A,W/BU"
2371-04398,SOSP,"A,Y/G"
2730-27547,BCCH,"A/R,BU"
2730-27544,BCCH,"G/R,A"
2730-27546,BCCH,"O/G,A"
2730-27545,BCCH,"Y/A,Y"
2720-99549,HOWR,"A,BK/R"
2720-99550,HOWR,"W/A,BU"
2691-06125,SOSP,"W,BU/A"
2720-99551,BCCH,"A,O/O"
2720-99599,BCCH,"G/A,P"
2641-85640,NOCA,"Y,A/O"
1352-63522,NOMO,"Y,A/Y"
2691-06126,SOSP,"A,BU/BU"
2691-06129,SOSP,"BK/A,Y"
2691-06127,SOSP,"P/W,A"
2691-06131,SOSP,"R/BU,A"
2691-06128,SOSP,"W,A/O"
2691-06130,SOSP,"W/A,G"
2720-99552,HOWR,"A,R/W"
2720-99553,HOWR,"G,A/Y"
2691-06132,SOSP,"R,BK/A"
2720-99554,BCCH,"A/BK,O"
2720-99556,BCCH,"G,A/R"
2720-99555,BCCH,"P,A/O"
2691-06134,CARW,"A/O,BU"
2691-06133,CARW,"R/BK,A"
1352-63523,AMRO,"A,BK/R"
2720-99558,BCCH,"BK,A/R"
2720-99560,BCCH,"BK/A,Y"
2720-99561,BCCH,"P,R/A"
2720-99557,BCCH,"P/A,G"
2720-99559,BCCH,"W/A,G"
2691-06135,SOSP,"W/A,BK"
1212-36691,AMRO,"A,BU/BU"
2730-27550,BCCH,"A,W/G"
2371-04399,CARW,"A/G,G"
2641-85644,GRCA,"P,A/O"
2641-85641,GRCA,"R,A/W"
2730-27549,HOWR,"A,O/G"
2730-27548,HOWR,"A/W,Y"
2641-85643,NOCA,"P,A/G"
2641-85642,NOCA,"R/A,BU"
2730-27551,BCCH,"P,A/Y"
2730-27552,HOWR,"W/Y,A"
2651-17158,NOCA,"BK/BK,A"
2720-99562,BCCH,"A,Y/BK"
2730-27556,BCCH,"A,BK/P"
2730-27554,BCCH,"A/BU,BK"
2720-99563,BCCH,"A/P,O"
2730-27555,BCCH,"G/A,Y"
2720-99564,BCCH,"R/BU,A"
2371-04400,CARW,"R/O,A"
2641-85645,GRCA,"A,BK/O"
2730-27553,HOWR,"A/BK,R"
2581-97901,SOSP,"A/BU,BK"
2581-97902,SOSP,"A/P,Y"
2720-99566,BCCH,"A,O/W"
2720-99568,BCCH,"A/BK,P"
2720-99569,BCCH,"A/BU,R"
2720-99565,BCCH,"A/P,G"
2720-99567,BCCH,"BK/Y,A"
2730-27558,BCCH,"A,Y/P"
2730-27557,BCCH,"O/A,R"
1212-36692,AMRO,"BK/BK,A"
1212-36693,AMRO,"P,P/A"
2730-27561,BCCH,"BK,A/BK"
2730-27562,BCCH,"BU/A,W"
2730-27563,BCCH,"P/A,BK"
2641-85647,GRCA,"BK/W,A"
2651-17159,GRCA,"BU/A,R"
2641-85646,GRCA,"Y,W/A"
2730-27560,HOWR,"A/O,G"
2720-99570,HOWR,"BU,A/R"
2730-27559,HOWR,"BU/BK,A"
2730-27564,BCCH,"A/W,P"
2730-27565,BCCH,"BU/BU,A"
2730-27567,BCCH,"G/A,R"
2730-27566,BCCH,"O,Y/A"
2641-85649,GRCA,"BU/A,BK"
2651-17160,GRCA,"Y,R/A"
2641-85648,NOCA,"BK,BK/A"
1352-63524,AMRO,"R/A,W"
2720-99573,BCCH,"A/W,BU"
2720-99571,BCCH,"Y/O,A"
2691-06138,CARW,"O/O,A"
2691-06137,CARW,"Y,A/Y"
2641-85653,GRCA,"A/Y,P"
2641-85652,GRCA,"BK/O,A"
2641-85650,GRCA,"BU,A/W"
2641-85651,GRCA,"P/BU,A"
2641-85660,GRCA,"R,A/O"
2641-85659,GRCA,"W,A/O"
2720-99572,HOWR,"W/A,G"
2641-85656,NOCA,"A/Y,Y"
2641-85658,NOCA,"BK/A,P"
2641-85657,NOCA,"P,A/W"
2641-85655,NOCA,"P/BU,A"
2641-85654,NOCA,"R,BU/A"
2691-06140,SOSP,"A,G/G"
2691-06139,SOSP,"A,Y/W"
2691-06136,SOSP,"O,W/A"
2691-06139,SOSP,"Y/W,A"
2730-27568,BCCH,"A,Y/G"
2730-27569,BCCH,"A/0,BK"
2581-97904,CARW,"O,R/A"
2651-17162,GRCA,"A,BK/P"
2651-17161,GRCA,"A/R,W"
2581-97903,SOSP,"A,G/W"
2581-97905,SOSP,"A,R/Y"
1212-36695,AMRO,"BU/A,Y"
1212-36694,AMRO,"G,P/A"
2720-99577,BCCH,"A,BK/O"
2720-99580,BCCH,"A/G,Y"
2730-27570,BCCH,"A/R,W"
2720-99582,BCCH,"A/Y,BU"
2720-99574,BCCH,"BK,A/G"
2720-99576,BCCH,"BU/A,BK"
2720-99578,BCCH,"O/A,P"
2720-99579,BCCH,"P/R,A"
2720-99575,BCCH,"R/A,Y"
2720-99581,BCCH,"W,BU/A"
1352-63526,AMRO,"G/A,BK"
1352-63525,AMRO,"Y,BU/A"
2641-85661,GRCA,"A,R/P"
2641-85663,NOCA,"BK/G,A"
2641-85662,NOCA,"O,P/A"
2581-97906,SOSP,"O,A/O"
2691-06141,SOSP,"W/A,BK"
2581-97907,CARW,"BU,A/O"
2651-17164,NOCA,"A/P,Y"
2651-17165,NOCA,"BU/R,A"
2651-17163,NOCA,"O/A,W"
2641-85664,GRCA,"A,Y/W"
1352-63527,AMRO,"A/Y,Y"
1352-63528,AMRO,"P/O,A"
2720-99585,BCCH,"A/PK,G"
2720-99583,BCCH,"BK/A,P"
2720-99585,BCCH,"O,BU/A"
2720-99586,BCCH,"R,G/A"
2720-99584,BCCH,"Y,W/A"
2641-85666,GRCA,"A/BK,BU"
2641-85665,NOCA,"R,Y/A"
2691-06142,SOSP,"W/A,BU"
1212-36696,AMRO,"A/R,R"
2581-97909,CARW,"R/W,A"
2651-17169,GRCA,"BK,R/A"
2651-17168,GRCA,"Y,A/W"
2730-27571,HOWR,"BU/Y,A"
2651-17167,NOCA,"G/O,A"
2651-17166,NOCA,"P,A/Y"
2730-27574,BCCH,"A,Y/W"
2730-27575,BCCH,"G/O,A"
2730-27573,BCCH,"P,BK/A"
2730-27572,BCCH,"P,G/A"
2691-06143,CARW,"A,R/G"
2651-17170,GRCA,"A,BU/BU"
2641-85667,GRCA,"A/P,G"
2581-97911,SOSP,"A,Y/BU"
2581-97912,SOSP,"A,R/BK"
2581-97916,SOSP,"A,W/R"
2581-97917,SOSP,"A/Y,O"
2581-97913,SOSP,"BK/A,O"
2691-06145,SOSP,"BU,BK/A"
2581-97914,SOSP,"BU,A/BK"
2581-97910,SOSP,"G,G/A"
2691-06144,SOSP,"O,A/R"
2581-97908,SOSP,"W,O/A"
2581-97915,SOSP,"Y,R/A"
2720-99588,BCCH,"BU/G,A"
2720-99589,BCCH,"G,A/O"
2720-99587,BCCH,"O/A,Y"
2641-85668,GRCA,"A/BU,O"
2641-85669,GRCA,"A/G,Y"
2641-85670,GRCA,"W,A/W"
2730-27576,BCCH,"W,A/BK"
2581-97918,CARW,"A/O,Y"
2720-99591,BCCH,"A,O/W"
2720-99590,BCCH,"BK,G/A"
2641-85674,GRCA,"A,BU/W"
2641-85672,GRCA,"A/P,O"
2641-85676,GRCA,"A/P,BK"
2641-85671,GRCA,"BK,A/G"
2641-85678,GRCA,"O,A/W"
2641-85675,GRCA,"R/A,BK"
2641-85677,GRCA,"R/BU,A"
2641-85673,GRCA,"Y,A/O"
1212-36697,AMRO,"BK/A,W"
1212-36698,AMRO,"BU,O/A"
1352-63529,AMRO,"W/A,BK"
2720-99597,BCCH,"A,BU/W"
2720-99593,BCCH,"A,Y/W"
2720-99596,BCCH,"A/P,Y"
2720-99595,BCCH,"G,A/BK"
2720-99594,BCCH,"R/P,A"
2581-97919,CARW,"O,A/R"
2691-06146,CARW,"P/R,A"
2641-85679,GRCA,"A,O/W"
2641-85680,GRCA,"A,BK/BU"
2730-27577,HOWR,"BU/R,A"
2581-97920,SOSP,"O/P,A"
256186691,GRCA,"A,G/G"
269087759,HOWR,"Y/A,BK"
2730-27579,BCCH,"BK/BU,A"
2730-27578,BCCH,"W,G/A"
2581-97921,CARW,"A,G/R"
2651-17171,GRCA,"BU,A/BU"
1352-63530,AMRO,"A/BU,O"
2720-99600,BCCH,"P,W/A"
2720-99598,HOWR,"Y,A/BU"
266085449,HOWR,"A,W/W"
2691-06147,CARW,"A,BU/Y"
2720-99606,HOWR,"A/G,BU"
2641-85682,NOCA,"G,A/O"
2641-85681,NOCA,"R,P/A"
2691-06148,SOSP,"BK/O,A"
264185659,GRCA,"W,A/O"
269106136,SOSP,"O,W/A"
269106139,SOSP,"A,Y/W"
269106140,SOSP,"A,G/G"
269087789,BCCH,"W,A/O"
269087899,BCCH,"Y/A,R"
272099587,BCCH,"O/A,Y"
258197920,SOSP,"O/P,A"
237104362,SOSP,"P/A,W"
265117104,NOCA,"P,P/A"
275035145,BCCH,"A,O/G"
189111047,NOCA,"Y/A,P"
258197904,CARW,"O,R/A"
237104368,CARW,"A,O/Y"
272099521,BCCH,"A/P,W"
273027504,BCCH,"BU,O/A"
273027506,BCCH,"BK/R,A"
121236683,AMRO,"A/P,R"
135263516,NOMO,"A,BK/Y"
272099513,BCCH,"Y/Y,A"
256185701,NOCA,"R/O,A"
121252838,NOMO,"R,Y/A"
272099540,BCCH,"G/W,A"
272099514,BCCH,"P,A/W"
269106139,SOSP,"Y/W,A"
237104377,SOSP,"Y,G/A"
2750-35002,BCCH,"O,A/G"
2750-35001,BCCH,"Y,A/O"
2750-35004,BCCH,"A,R/BU"
2750-35003,BCCH,"A/P,BK"
2750-35006,BCCH,"G,A/R"
2750-35008,BCCH,"O,G/A"
2750-35009,BCCH,"P/W,A"
2750-35005,BCCH,"R/A,O"
2651-17047,GRCA,"BK,G/A"
2651-17046,GRCA,"Y,A/BU"
2750-35007,HOWR,"R/A,W"
2291-44231,SOSP,"R/A,W"
264185630,GRCA,"O/R,A"
265117112,GRCA,"BU/A,O"
2750-35010,BCCH,"A,Y/O"
2750-35011,BCCH,"A,BK/BU"
2750-35012,EAPH,"A,R/R"
265117111,GRCA,"A/W,G"
265117135,GRCA,"A/Y,O"
2570-35014,BCCH,"P/BU,A"
2570-35013,BCCH,"Y/W,A"
264185626,GRCA,"BU/G,A"
2720-99609,BCCH,"A/G,P"
2720-99610,BCCH,"A/Y,O"
2720-99608,EAPH,"A,O/Y"
2720-99607,EAPH,"A/W,W"
2651-43210,GRCA,"A,W/G"
2651-43211,GRCA,"BK/A,O"
2651-43212,GRCA,"P/Y,A"
2651-43213,GRCA,"Y,A/R"
2651-43214,NOCA,"A,R/BU"
1212-27602,AMRO,"A,-"
1212-27601,AMRO,"P/A,W"
2291-44232,CARW,"Y/A,BK"
2651-17048,GRCA,"W/A,P"
2750-35016,HOWR,"A,O/W"
2750-35015,HOWR,"R/BU,A"
2651-43215,GRCA,"A,Y/BU"
2651-43217,GRCA,"A,P/BK"
2651-43218,GRCA,"BK,A/W"
2720-99611,HOWR,"G,P/A"
2720-99612,HOWR,"Y,BK/A"
2651-43216,NOCA,"A,P/G"
2571-83110,SOSP,"G/O,A"
2720-99613,BCCH,"A/BU,W"
2720-99614,BCCH,"Y/A,G"
2651-43219,GRCA,"G/BU,A"
2720-99615,HOWR,"Y,Y/A"
2571-83112,SOSP,"A/O,BK"
2571-83111,SOSP,"BU/R,A"
2750-35017,BCCH,"A/R,PK"
2750-35020,BCCH,"BU,A/W"
2750-35018,BCCH,"PK/A,O"
2750-35019,BCCH,"PK/BU,A"
2651-17049,GRCA,"Y/PK,A"
1212-27603,AMRO,"G,A/G"
2750-35021,BCCH,"A/PK,O"
2720-99618,BCCH,"BU/A,G"
2720-99617,EAPH,"A/BU,G"
2651-43220,GRCA,"A/Y,BK"
2720-99616,HOWR,"W,R/A"
2651-43221,GRCA,"A,BK/PK"
2651-43222,GRCA,"BU,A/PK"
2651-17050,GRCA,"Y,PK/A"
2651-43223,NOCA,"A/R,O"
2291-44233,SOSP,"Y/BU,A"
256186629,GRCA,"BK,A/BU"
2750-35023,BCCH,"A,PK/BU"
2720-99619,BCCH,"A,R/BK"
2720-99621,BCCH,"A,Y/BU"
2750-35022,BCCH,"A/G,O"
2750-35024,BCCH,"O/A,BU"
2720-99620,EAPH,"P,A/R"
2651-17051,GRCA,"PK,A/G"
2651-43224,NOCA,"A/BU,O"
2571-83113,SOSP,"BU/A,R"
2291-44234,SOSP,"Y/Y,A"
264185647,GRCA,"BK/W,A"
2651-17053,GRCA,"PK/BU,A"
2750-35025,HOWR,"R/A,O"
2720-99622,BCCH,"A,P/Y"
2720-99625,BCCH,"A,W/BU"
2720-99623,BCCH,"A/O,R"
2720-99624,BCCH,"G,PK/A"
2720-99626,BCCH,"Y,A/BK"
2651-43225,GRCA,"A,PK/PK"
2651-43226,GRCA,"G/PK,A"
2750-35027,BCCH,"BU/A,PK"
2750-35026,HOWR,"BK,Y/A"
2750-35028,HOWR,"G,R/A"
1352-63531,AMRO,"A,Y/BU"
2571-83114,SOSP,"A,G/O"
1352-63532,AMRO,"A/P,BU"
2720-99627,HOWR,"BU/PK,A"
2750-35029,HOWR,"W,A/O"
2651-17052,NOCA,"O,A/BU"
2571-83115,SOSP,"A,BK/PK"
265117129,GRCA,"G,BU/A"
1352-63533,AMRO,"W,R/A"
2750-35033,BCCH,"W,PK/A"
2750-35030,BCCH,"Y/PK,A"
2720-99628,EAPH,"W,A/Y"
2651-43227,GRCA,"BU/A,BU"
2750-35031,HOWR,"A,BU/R"
2750-35032,HOWR,"A,P/G"
2750-35034,HOWR,"Y,O/A"
2571-83116,SOSP,"A,O/BK"
2571-83117,SOSP,"A/G,PK"
1352-63534,AMRO,"O/A,P"
2720-99630,BCCH,"O/PK,A"
2750-35035,EAPH,"G,G/A"
2750-35036,EAPH,"O,BK/A"
2651-43230,GRCA,"A,O/R"
2651-43228,GRCA,"A,PK/W"
2651-17054,GRCA,"A,PK/BU"
2651-43229,GRCA,"BK,W/A"
2651-17056,GRCA,"O,G/A"
2651-17055,GRCA,"W/P,A"
2720-99629,HOWR,"A/P,BU"
2291-44236,SOSP,"A,Y/W"
2291-44235,SOSP,"P,A/O"
1352-63536,AMRO,"A,G/O"
1352-63537,AMRO,"A,PK/W"
1352-63535,AMRO,"A,BU/Y"
2720-99631,BCCH,"A,BK/PK"
2750-35037,BCCH,"PK,W/A"
2750-35038,BCCH,"Y,O/A"
2561-17057,GRCA,"A,PK/G"
2720-99632,HOWR,"P/A,BU"
273027519,HOWR,"R/W,A"
2651-17059,GRCA,"BK/A,PK"
2651-17058,NOCA,"O,Y/A"
2720-99634,BCCH,"BU/A,O"
2571-83118,CARW,"R,A/R"
2651-43234,GRCA,"O/A,R"
2651-43233,GRCA,"P/G,A"
2651-43232,GRCA,"PK,PK/A"
2651-43231,GRCA,"W/A,Y"
2720-99633,HOWR,"O/A,W"
256186663,NOCA,"BU,R/A"
2720-99635,BCCH,"A,PK/BK"
2750-35041,BCCH,"A,PK/R"
2750-35040,BCCH,"P,O/A"
2750-35039,BCCH,"PK,A/G"
2750-35042,BCCH,"R,A/G"
2651-17060,GRCA,"A/PK,O"
2651-43235,GRCA,"A/Y,R"
265117117,GRCA,"A,G/W"
1352-63538,AMRO,"W/Y,A"
2720-99636,BCCH,"P/A,R"
2651-43236,GRCA,"Y/G,A"
2720-99640,BCCH,"A,W/PK"
2720-99641,BCCH,"A,G/O"
2720-99639,BCCH,"A
,PK/PK"
2720-99637,BCCH,"A/G,PK"
2720-99642,BCCH,"PK,BU/A"
2651-43238,GRCA,"A,PK/Y"
2651-43239,GRCA,"A/O,R"
2651-43242,GRCA,"A/PK,R
"
2651-43237,GRCA,"PK,BU/A"
2651-43241,GRCA,"PK/G,A"
2651-43240,GRCA,"W,O/A"
2720-99643,HOWR,"BK/R,A"
2720-99638,HOWR,"G/PK,A"
2571-83119,SOSP,"A,PK/W"
2291-44238,SOSP,"BU,Y/A"
2571-83120,SOSP,"G/PK,A"
2291-44237,SOSP,"O/R,A"
1352-63539,AMRO,"A,BK/PK"
1352-63540,AMRO,"G/W,A"
2750-35044,BCCH,"PK/A,G"
2651-43244,GRCA,"A,BK/G"
2651-17062,GRCA,"A/PK,G"
2651-17061,GRCA,"PK,O/A"
2651-43243,GRCA,"Y,A/P"
2750-35043,HOWR,"A,BU/G"
2720-99646,HOWR,"O/PK,A"
2720-99644,HOWR,"R,A/BU"
2720-99645,HOWR,"Y/G,A"
2651-43245,NOCA,"BU,A/W"
1352-63541,RBWO,"-,A"
1352-63542,RBWO,"-,A"
264185619,GRCA,"P/A,Y"
2750-35099,BCCH,"Y,PK/A"
2651-17066,GRCA,"A/Y,BU"
2651-17067,GRCA,"A/Y,PK"
2651-17063,GRCA,"BK,A/P"
2651-17065,GRCA,"R,A/G"
2651-17064,GRCA,"W,BU/A"
2291-44239,SOSP,"R,W/A"
1352-63543,AMRO,"P/G,A"
135263501,AMRO,"R/W,A"
135263520,NOMO,"O/BK,A"
2750-35045,BCCH,"A,BU/O"
2651-17070,GRCA,"A/BU,R"
2651-17068,GRCA,"BK/PK,A"
2651-17069,GRCA,"G,PK/A"
2651-17072,GRCA,"G,A/Y"
2651-17071,NOCA,"W/Y,A"
2651-17075,GRCA,"A,BU/PK"
2651-17074,GRCA,"PK/A,O"
2651-17073,GRCA,"W/PK,A"
2720-99648,HOWR,"A/G,W"
2720-99650,HOWR,"A/O,BK"
2720-99647,HOWR,"BU/A,O"
2720-99649,HOWR,"P/A,BU"
2750-35046,HOWR,"W/O,A"
2571-83121,SOSP,"A,Y/R"
2291-44240,SOSP,"A,R/W"
2571-83122,SOSP,"BU/A,BU"
264185637,NOCA,"A,W/Y"
272099541,HOWR,"A,G/G"
2720-99652,HOWR,"BU,A/BK"
2570-35047,BCCH,"PK,A/W"
2651-17076,GRCA,"R/A,O"
2720-99652,HOWR,"A,P/BK"
2570-35048,HOWR,"O,BU/A"
272099636,BCCH,"P/A,R"
2720-99653,BCCH,"A,BU/Y"
2720-99652,BCCH,"BU,A/BK"
2571-83123,CARW,"G,P/A"
2651-43246,GRCA,"P,A/BU"
2651-17078,GRCA,"PK/A,G"
2720-99652,BCCH,"A,P/BK"
2750-35049,HOWR,"BU,Y/A"
2750-35098,HOWR,"O/BU,A"
2651-17077,NOCA,"A,R/W"
2291-44241,SOSP,"P,A/W"
1352-63545,AMRO,"A,P/PK"
1352-63544,AMRO,"BU,BU/A"
1352-63546,AMRO,"W/A,R"
2720-99655,BCCH,"A,G/BK"
2720-99654,BCCH,"BU/P,A"
2720-99657,BCCH,"W,O/A"
2651-43249,GRCA,"A,R/BK"
2651-43248,GRCA,"A,P/W"
2651-43247,GRCA,"A,G/O"
2651-43250,GRCA,"P/A,BU"
2720-99656,HOWR,"BU/P,A"
2651-43251,NOCA,"Y,A/Y"
2750-35050,BCCH,"PK,O/A"
2291-44242,SOSP,"BU,A/R"
229144294,SOSP,"BU,W/A"
237104314,SOSP,"O/O,A"
1212-27604,AMRO,"O/BU,A"
2651-17079,GRCA,"W,PK/A"
2571-83125,SOSP,"A/BU,W"
2571-83127,SOSP,"A/O,PK"
2571-83126,SOSP,"PK,Y/A"
2571-83124,SOSP,"PK/G,A"
2720-99658,BCCH,"W/A,R"
2651-43252,NOCA,"A,BU/O"
2651-17080,GRCA,"R/A,Y"
2651-17081,GRCA,"W/A,PK"
2750-35051,HOWR,"O,G/A"
2651-43254,GRCA,"PK/P,A"
2651-43253,GRCA,"W/A,R"
264185667,GRCA,"A/P,G"
2720-99660,BCCH,"BU,BU/A"
2651-43257,GRCA,"A,Y/PK"
2651-43256,GRCA,"BK/A,G"
2651-43259,GRCA,"O,A/BU"
2651-17082,GRCA,"PK,A/W"
2651-43255,GRCA,"W,A/P"
2750-35052,HOWR,"A,O/O"
2720-99659,HOWR,"BU/A,Y"
2651-43258,NOCA,"BU/A,P"
1212-27605,NOMO,"R/A,BU"
2291-44243,SOSP,"G,W/A"
2571-83128,SOSP,"G,O/A"
270-35053,BCCH,NULL
1352-63547,AMRO,"Y,Y/A"
2651-43261,GRCA,"A,W/BU"
2720-99661,HOWR,"Y,G/A"
2651-43260,NOCA,"O/O,A"
2750-35055,BCCH,"A/Y,P"
2750-35054,BCCH,"PK/R,A"
2651-17085,GRCA,"G,A/R"
2651-17083,GRCA,"G/A,PK"
2651-17084,GRCA,"O,A/Y"
2750-35056,HOWR,"O/A,BU"
2291-44244,SOSP,"A/P,O"
1352-63548,AMRO,"BK/R,A"
1352-63549,AMRO,"BU,A/Y"
2720-99662,BCCH,"BK/PK,A"
2720-99663,BCCH,"BU/A,PK"
2720-99664,BCCH,"PK/G,A"
2720-99665,BCCH,"Y,A/PK"
2571-83129,CARW,"BK,P/A"
2651-43262,GRCA,"A/G,PK"
2651-43264,GRCA,"P/A,R"
2651-43263,GRCA,"PK/A,BK"
272099505,BCCH,"W/A,BU"
2651-17087,GRCA,"A,G/PK"
2651-17086,GRCA,"O,PK/A"
2291-44245,SOSP,"O,BU/A"
2720-99667,BCCH,"A,PK/W"
2720-99666,EAPH,"P/A,P"
2651-43265,GRCA,"O/G,A"
264185632,GRCA,"BK/A,P"
1212-27606,AMRO,"BK/Y,A"
1352-63551,AMRO,"BU,A/BK"
1352-63550,AMRO,"Y,R/A"
2750-35059,BCCH,"A/Y,PK"
2750-35057,BCCH,"G,A/PK"
2750-35058,BCCH,"W/PK,A"
2720-99669,BCCH,"Y,A/R"
2651-17090,GRCA,"A/BU,PK"
2651-17089,GRCA,"A/G,BU"
2651-17088,GRCA,"PK/O,A"
2720-99668,HOWR,"A/Y,O"
2720-99670,HOWR,"P,G/A"
1212-27607,AMRO,"BU,G/A"
1212-27608,AMRO,"PK/A,G"
2651-17092,GRCA,"BU/A,PK"
2651-17091,GRCA,"R/PK,A"
2750-35061,HOWR,"A,Y/O"
2750-35060,HOWR,"BU/G,A"
2720-99671,BCCH,"A/Y,BK"
2651-43268,GRCA,"BU,A/P"
2651-43267,GRCA,"G,A/W"
2651-43266,GRCA,"O/A,BK"
1352-63552,RBWO,"-,-"
1352-63553,RBWO,"-,-"
1352-63554,AMRO,"A/Y,O"
1212-27609,AMRO,"BU,Y/A"
1352-63556,AMRO,"P,G/A"
2720-99672,EAPH,"W/G,A"
2720-99673,EAPH,"Y/A,R"
2651-17093,GRCA,"G,A/PK"
2750-35062,HOWR,"A,R/BU"
2750-35063,HOWR,"P/A,G"
2750-35064,HOWR,"P/W,A"
1352-63555,NOMO,"A,W/R"
272099593,BCCH,"A,Y/W"
237104325,CARW,"G,Y/A"
269087596,HOWR,"Y/BK,A"
1352-63557,AMRO,"G/BU,A"
2720-99679,BCCH,"Y,R/A"
2720-99676,EAPH,"A/R,R"
2720-99675,EAPH,"BU/A,Y"
2651-43269,GRCA,"Y/A,W"
2720-99677,HOWR,"A,W/P"
2720-99678,HOWR,"BU,BU/A"
2720-99674,HOWR,"Y,R/A"
1352-63558,AMRO,"A/Y,W"
2720-99681,BCCH,"O,O/A"
2750-35065,BCCH,"O,PK/A"
2720-99682,BCCH,"W/A,Y"
2720-99680,BCCH,"Y/G,A"
2571-83130,CARW,"A/P,R"
1291-44246,CARW,"PK/A,G"
2651-17094,GRCA,"A,R/PK"
1212-27610,RBWO,"-,A"
2750-35097,BCCH,"PK/W,A/G"
2651-17095,GRCA,"BU,PK/A"
2750-35066,HOWR,"O,A/G"
2651-17096,NOCA,"O,O/A"
2291-44247,SOSP,"R/A,R"
2291-44249,CARW,"A/Y,G"
2651-17098,GRCA,"O,A/G"
2651-17097,GRCA,"PK/W,A"
2651-43270,GRCA,"Y/A,G"
2720-99683,HOWR,"A/G,G"
2720-99685,HOWR,"A/P,Y"
2720-99684,HOWR,"BK/A,W"
2651-43271,NOCA,"A/G,R"
2651-17099,NOCA,"BU,A/Y"
1352-63559,NOMO,"A/BU,G"
2291-44248,SOSP,"A,P/O"
2571-83131,SOSP,"BU/W,A"
1212-27611,AMRO,"R/A,R"
2291-44250,CARW,"BU,R/A"
1352-63560,AMRO,"R,R/A"
2651-43272,GRCA,"PK,A/R"
2720-99686,HOWR,"A/Y,W"
2571-83132,SOSP,"A/Y,W"
1352-63561,AMRO,"A/O,PK"
1352-63562,AMRO,"Y,A/R"
2720-99687,BCCH,"BU/A,R"
2651-43273,GRCA,"A/PK,BU"
2651-43275,GRCA,"A/W,PK"
2651-43276,NOCA,"A,W/W"
2651-43274,NOCA,"A/BU,BU"
1352-63563,RBWO,"-,A"
265117098,GRCA,"O,A/G"
2720-99691,BCCH,"A,P/P"
2720-99689,BCCH,"A/Y,W"
2720-99690,BCCH,"BU,A/P"
2720-99688,BCCH,"PK/A,PK"
2651-43277,GRCA,"Y/A,O"
2651-43278,GRCA,"P/BK,A"
2720-99693,HOWR,"A,G/W"
2720-99692,HOWR,"BU,A/BK"
265117097,GRCA,"PK/W,A"
2651-43279,GRCA,"W/A,O"
2571-83133,SOSP,"Y,A/R"
2750-35068,BCCH,"A/BU,PK"
2651-17100,GRCA,"PK,R/A"
2750-35067,HOWR,"O/A,G"
229144248,SOSP,"A,P/O"
1352-63564,AMRO,"A,BK/G"
1352-63565,AMRO,"A,P/Y"
2291-44251,CARW,"Y,BU/A"
2651-43280,GRCA,"P,BK/A"
1352-63566,NOMO,"Y,A/G"
2571-83134,SOSP,"A,P/Y"
2571-83135,SOSP,"A/O,R"
2750-35069,BCCH,"A,P/R"
2750-35070,BCCH,"A/BU,BU"
2651-43301,GRCA,"A/PK,W"
2720-99696,BCCH,"A,PK/Y"
2720-99695,BCCH,"A/W,R"
2720-99697,BCCH,"PK,A/BU"
2571-83136,CARW,"A/W,G"
2651-43281,GRCA,"A,W/PK"
2720-99694,HOWR,"W,O/A"
2651-43282,NOCA,"A,G/G"
2750-35072,BCCH,"G/A,PK"
2651-43302,GRCA,"R/A,PK"
2750-35701,HOWR,"P,W/A"
2750-35073,BCCH,"G,A/Y"
135263538,AMRO,"W/Y,A"
1352-63567,AMRO,"A/R,W"
2720-99698,BCCH,"A,Y/PK"
2720-99699,BCCH,"A,O/G"
2750-35101,BCCH,"A/PK,R"
2720-99700,BCCH,"PK/G,A"
2750-35102,EAPH,"A/O,Y"
2750-35103,BCCH,"BK/A,O"
2750-35104,BCCH,"Y,A/PK"
2651-43284,GRCA,"BU,A/PK"
2651-43283,GRCA,"O/PK,A"
2571-83137,SOSP,"A/R,Y"
2571-83138,SOSP,"Y/A,PK"
1212-27612,AMRO,"O/A,BU"
2651-43305,GRCA,"A,PK/R"
2651-43310,GRCA,"A/R,P"
2651-43308,GRCA,"BK/A,Y"
2651-43309,GRCA,"G/A,O"
2651-43306,GRCA,"P,O/A"
2651-43303,GRCA,"PK,A/O"
2651-43304,GRCA,"PK,W/A"
2651-43311,GRCA,"PK/A,Y"
2651-43307,GRCA,"W/A,G"
2291-44253,SOSP,"A/BK,O"
2291-44252,SOSP,"R/A,G"
1352-63570,AMRO,"A,G/W"
1352-63571,AMRO,"A/Y,R"
1352-63568,AMRO,"BU/R,A"
1352-63569,AMRO,"O,A/O"
2750-35074,BCCH,"A/G,BU"
2750-35105,BCCH,"Y/A,W"
2651-43312,GRCA,"A/R,PK"
1212-27613,NOMO,"A/Y,G"
1212-27614,AMRO,"BU/A,PK"
2750-35106,BCCH,"A,O/R"
2750-35107,BCCH,"A/G,W"
2651-43314,GRCA,"A,BU/O"
2651-43315,GRCA,"A,G/P"
2651-43285,GRCA,"A/BU,W"
2651-43287,GRCA,"G/A,R"
2651-43316,GRCA,"O/A,P"
2651-43286,GRCA,"P/P,A"
2651-43313,NOCA,"A/O,P"
2571-83139,SOSP,"A/P,BU"
2271-44254,SOSP,"W,A/R"
2651-43323,GRCA,"A,BU/P"
2651-43321,GRCA,"O/A,PK"
2651-43324,GRCA,"O/A,G"
2651-43320,GRCA,"PK/R,A"
2651-43317,GRCA,"R,PK/A"
2651-43318,GRCA,"R,A/PK"
2651-43322,GRCA,"Y,P/A"
2651-43319,NOCA,"A/BU,BK"
2651-43325,NOCA,"G/W,A"
2291-44258,SOSP,"A,G/Y"
2291-44257,SOSP,"BU,A/G"
2291-44256,SOSP,"P/O,A"
2291-44255,SOSP,"Y,BU/A"
2750-35076,BCCH,"Y,P/A"
2651-43327,GRCA,"A,P/R"
2651-43328,GRCA,"G/W,A/BK"
2651-43326,GRCA,"O,A/PK"
2750-35075,HOWR,"A,G/BU"
2750-35095,BCCH,"A,R/PK"
2750-35108,BCCH,"BK/A,G"
2750-35109,BCCH,"O/A,BK"
2651-43330,GRCA,"A/G,G"
2651-43329,GRCA,"A/W,BU"
2750-35110,HOWR,"A,BU/Y"
2750-35077,HOWR,"A,G/P"
2750-35114,BCCH,"A,R/O"
2750-35113,BCCH,"A,W/BK"
2750-35111,BCCH,"O,BK/A"
2750-35112,BCCH,"PK,PK/A"
2571-83140,CARW,"Y/A,BU"
2651-43288,GRCA,"BU,PK/A"
2651-43289,GRCA,"PK,A/Y"
1212-27615,AMRO,"PK/BU,A"
2750-35080,BCCH,"R/PK,A"
2651-43335,GRCA,"A/BK,PK"
2651-43332,GRCA,"A/BU,G"
2651-43331,GRCA,"G/P,A"
2651-43333,GRCA,"O/BK,A"
2651-43334,GRCA,"W,Y/A"
2750-35081,HOWR,"G/A,G"
2750-35079,HOWR,"BK/A,PK"
2750-35078,HOWR,"Y,A/O"
2750-35116,BCCH,"A,Y/R"
2750-35115,BCCH,"A/BK,W"
2651-43291,GRCA,"A,Y/P"
2651-43290,GRCA,"A/G,W"
2651-43292,GRCA,"BK,O/A"
2651-43294,GRCA,"BU/A,W"
2651-43295,GRCA,"W,A/PK"
2651-43293,NOCA,"Y/O,A"
2750-35083,BCCH,"O/A,G"
2750-35084,BCCH,"Y/R,A"
2750-35087,EAPH,"A,W/W"
2750-35085,EAPH,"O/O,A"
2750-35086,HOWR,"G,A/R"
2750-35082,HOWR,"R/A,Y/A"
2651-43336,NOCA,"W,G/A"
1352-63572,AMRO,"A/O,W"
1352-63573,AMRO,"R,A/Y"
2750-35120,BCCH,"A/PK,BU"
2750-35119,BCCH,"BK,R/A"
2651-43297,GRCA,"A/Y,W"
2750-35117,HOWR,"A,R/Y"
2750-35118,HOWR,"G/O,A"
2651-43296,NOCA,"W/BK,A"
2651-43298,NOCA,"Y,BU/A"
2750-35091,BCCH,"A,G/PK"
2750-35090,BCCH,"PK/O,A"
2750-35089,BCCH,"W/A,PK"
2291-44260,CARW,"R/A,BU"
2651-43337,GRCA,"A,PK/O"
2651-43338,GRCA,"P,R/A"
2750-35088,HOWR,"G,A/G"
2291-44259,SOSP,"R,A/W"
2750-35100,BCCH,"A,G/P"
2750-35092,BCCH,"BK/PK,A"
2750-35094,BCCH,"G/A,O"
2750-35093,BCCH,"O/A,PK"
2651-43340,GRCA,"A/BK,P"
2651-43339,GRCA,"A/PK,BK"
2750-35123,BCCH,"A,BK/G"
2750-35121,BCCH,"A/R,BK"
2750-35122,BCCH,"PK/A,BU"
2750-35124,BCCH,"W,A/PK"
2651-43299,GRCA,"O/W,A"
2750-35125,HOWR,"A/Y,BK"
2750-34901,BCCH,"A,PK/G"
2750-34903,BCCH,"A,BU/PK"
2750-35126,BCCH,"BK,O/A"
2750-34902,BCCH,"BK/W,A"
2651-43341,GRCA,"A,O/PK"
2291-44261,SOSP,"P/A,Y"
2750-34905,BCCH,"A,O/PK"
2750-35128,BCCH,"BU/A,BU"
2750-35127,BCCH,"G,A/W"
2750-35129,BCCH,"G/PK,A"
2750-34904,BCCH,"R/A,PK"
2651-43342,GRCA,"BK,A/PK"
2750-34906,BCCH,"R,A/PK"
2651-43344,GRCA,"BU,A/O"
2651-43343,GRCA,"BU,A/W"
1352-63574,NOMO,"P/A,P"
2750-34907,BCCH,"R/PK,A"
2750-35131,BCCH,"A,BK/W"
2750-35130,BCCH,"A/R,Y"
2750-35132,BCCH,"G,BU/A"
2651-43300,NOCA,"A/G,O"
2651-17178,NOCA,"A/W,BU"
1212-27617,AMRO,"Y/Y,A"
1212-27616,NOMO,"O/O,A"
2291-44262,SOSP,"A,BU/R"
275035024,BCCH,"O/A,BU"
2750-35133,BCCH,"A/G,BK"
2750-35134,BCCH,"PK/Y,A"
2651-17179,GRCA,"A,O/G"
2750-35137,BCCH,"A,BU/BK"
2750-35135,BCCH,"A/PK,Y"
2750-35138,BCCH,"A/R,R"
2750-34910,BCCH,"A/W,Y"
2750-34909,BCCH,"BU,PK/A"
2750-35136,BCCH,"G,O/A"
2750-35139,BCCH,"W,BK/A"
2571-83141,CARW,"BU,A/P"
2750-34912,EAPH,"G/A,A/G"
2651-17183,GRCA,"A/O,PK"
2651-43345,GRCA,"BU,O/A"
2651-17182,GRCA,"G,Y/A"
2651-17181,GRCA,"R/W,A"
2651-17180,GRCA,"Y/A,BU"
2750-34908,HOWR,"A,Y/Y"
2750-34911,HOWR,"G/A,O"
2651-43346,NOCA,"BU/BU,A"
2651-43347,NOCA,"Y/A,Y"
1352-63575,AMRO,"A,W/P"
2750-34913,BCCH,"PK/G,R/A"
2291-44264,CARW,"O/BU,A"
2651-43350,GRCA,"A/W,W"
2651-43349,GRCA,"BK/R,A"
2651-43348,GRCA,"BU,Y/A"
2750-34914,HOWR,"PK/G,O/A"
2291-44263,SOSP,"A,Y/O"
2750-34916,BCCH,"A,PK/O"
2750-34919,BCCH,"A/BU,G"
2750-34917,BCCH,"BK/P,A"
2750-34918,BCCH,"O,A/R"
2750-34920,BCCH,"R/R,A"
2750-34915,HOWR,"PK/O,A"
2651-43351,NOCA,"A/G,W"
2750-35140,BCCH,"W,A/P"
2651-17185,GRCA,"BU/A,G"
2651-17184,GRCA,"O,BK/A"
2750-35141,HOWR,"Y/A,Y"
1352-63576,RBWO,"-,A"
2571-83144,SOSP,"A/G,W"
2571-83143,SOSP,"A/R,BU"
2571-83142,SOSP,"Y/A,Y"
1352-63577,AMRO,"A/P,Y"
2750-35142,BCCH,"A,P/BK"
2750-34923,BCCH,"A/O,Y"
2750-34922,BCCH,"R/G,A"
2750-34921,BCCH,"W/G,A"
2750-35143,BCCH,"Y,A/P"
2571-83145,CARW,"A/O,O"
2651-17189,GRCA,"A,W/BK"
2651-17191,GRCA,"A,W/P"
2651-43356,GRCA,"A/O,G"
2651-43358,GRCA,"A/W,Y"
2651-43354,GRCA,"BU,W/A"
2651-17188,GRCA,"BU/PK,A"
2651-17194,GRCA,"G/G,A"
2651-43357,GRCA,"G/Y,A"
2651-17192,GRCA,"O/BU,A"
2651-17193,GRCA,"R,A/R"
2651-43352,GRCA,"Y,BK/A"
2651-43353,GRCA,"Y/A,R/A"
2651-43355,GRCA,"Y/A,G"
2651-17186,NOCA,"A,BK/R"
2651-17190,NOCA,"G,A/R"
2651-17187,NOCA,"P/O,A"
2291-44265,SOSP,"R/A,O"
258197917,SOSP,"A/Y,O"
2750-34925,BCCH,"A/BK,PK"
2750-34924,HOWR,"Y/PK,A"
2291-44266,SOSP,"A,Y/Y"
2291-44270,SOSP,"A,W/W"
2291-44269,SOSP,"A,R/BU"
2291-44268,SOSP,"A,BU/G"
2291-44267,SOSP,"O/A,BU"
1352-63578,AMRO,"A/PK,PK"
1352-63579,AMRO,"A/R,Y"
2750-35145,BCCH,"A,O/G"
2750-35144,BCCH,"P/G,A"
2571-83147,CARW,"PK,A/PK"
2651-17199,GRCA,"A,O/Y"
2651-17195,GRCA,"O/W,A"
2651-17198,GRCA,"PK,A/PK"
2651-17200,GRCA,"R/G,A"
2651-17196,GRCA,"W,W/A"
2651-17197,GRCA,"Y,A/BK"
2641-85501,GRCA,"Y,G/A"
2750-35146,HOWR,"A,W/BU"
2571-83146,SOSP,"PK,A/PK"
2571-83148,SOSP,"Y/A,O"
2750-35147,BCCH,"A,P/W"
2641-85507,GRCA,"A,O/BK"
2641-85510,GRCA,"A,Y/G"
2641-85509,GRCA,"A/BK,BK"
2641-85508,GRCA,"A/O,O"
2641-85505,GRCA,"A/R,BK"
2641-85506,GRCA,"BK/A,R"
2641-85504,GRCA,"BU/P,A"
2641-85502,GRCA,"O,A/R"
2641-85503,GRCA,"W,A/BU"
2750-35148,HOWR,"P/G,A"
2571-83149,SOSP,"BU,A/Y"
2571-83150,SOSP,"G/W,A"
2750-34926,BCCH,"A/PK,BK"
2750-34928,BCCH,"R/BK,A"
2750-34927,BCCH,"W,Y/A"
2651-43362,GRCA,"A/O,Y"
2651-43359,GRCA,"O,A/BK"
2651-43360,GRCA,"Y/BK,A"
2651-43361,NOCA,"A/BU,W"
2291-44272,SOSP,"A,O/W"
2291-44271,SOSP,"BU/G,A"
2641-85511,GRCA,"PK/A,BU"
2750-35149,BCCH,"BK,BU/A"
257183148,SOSP,"Y/A,O"
257183145,CARW,"A/O,O"
265143301,BCCH,"A/BY,BU"
265117190,NOCA,"G,A/R"
257183140,CARW,"Y/A,BU"
269087755,BCCH,"W, A/W"
272099520,HOWR,"R,W/A"
257183147,CARW,"PK,A/PK"
272099671,BCCH,"A/Y,BK"
265117077,NOCA,"A,R/W"
272099610,BCCH,"A/Y,O"
265143274,NOCA,"A/BU,BU"
229144239,SOSP,"R,W/A"
165263561,AMRO,"A/O,PK"
121211434,AMRO,"P,BU/A"
275035037,BCCH,"PK,W/A"
2651-43363,NOCA,"A/R,G"
2651-43364,NOCA,"W/A,BU"
2651-43365,GRCA,"A/PK,PK"
2571-83096,SOSP,"G/A,Y"
2780-14624,BCCH,"P/A,BU"
265143267,GRCA,"G,A/W"
265143256,GRCA,"BK/A,G"
265143213,GRCA,"Y,A/R"
264185511,GRCA,"PK/A,BU"
265143266,GRCA,"O/A,BK"
265117152,GRCA,"A/R,BU"
-,AMRO,"A/O,O"
2750-34929,BCCH,"G/Y,A"
2651-43401,GRCA,"BU,R/A"
2691-86604,SOSP,"BU,G/A"
2750-34930,HOWR,"O,A/Y"
2651-43402,GRCA,"R/BK,A"
2750-34931,BCCH,"G/Y,A"
2651-43403,GRCA,"BK/G,A"
2651-43404,GRCA,"Y/W,A"
2651-43405,GRCA,"A,BK/Y"
2750-34932,BCCH,"A,BU/G"
-,GRCA,"A,O/R"
2750-34933,BCCH,"O,A/O"
2651-43406,NOCA,"A,BU/BK"
2651-43407,GRCA,"R/O,A"
2750-34935,HOWR,"R,A/G"
2651-43409,GRCA,"PK,A/BU"
2651-43326,GRCA,"A/PK,O"
2651-43408,GRCA,"BK/BU,A"
2750-34934,HOWR,"O/A,Y"
2750-34936,HOWR,"A,BU/O"
1352-74201,AMRO,"A,BU/R"
2691-86605,SOSP,"G,A/G"
2750-34937,BCCH,"A/O,PK"
2691-86606,SOSP,"A,BK/BU"
1352-74202,NOMO,"BK,A/BU"
2691-86607,SOSP,"PK/BU,A"
2651-43410,GRCA,"Y/A,PK"
2651-43411,GRCA,"A/BK,G"
2651-43413,GRCA,"A,BK/BK"
1352-74203,AMRO,"A,P/G"
2651-43415,GRCA,"Y,A/PK"
2750-34938,BCCH,"A,W/P"
2651-43412,GRCA,"PK/Y,A"
2651-43414,GRCA,"W,A/G"
2651-43416,GRCA,"R,A/R"
-,SOSP,"Y,G/A"
-,GRCA,"A,G/PK"
2651-43417,GRCA,"O,R/A"
2750-34939,BCCH,"A/W,PK"
2671-86608,SOSP,"A,R/P"
1352-74205,AMRO,"Y,A/O"
1352-74204,AMRO,"A,R/BU"
2750-34940,BCCH,"A/O,O"
2750-34941,BCCH,"BK,A/P"
2651-43418,NOCA,"A,Y/G"
2750-34942,BCCH,"BK/A,PK"
2750-34943,BCCH,"BU/A,Y"
2651-43419,NOCA,"W/BU,A"
-,AMRO,"BU,A/BK"
2750-35019,BCCH,"PK/B,A"
2780-14628,BCCH,"PK,A/PK"
2651-43368,GRCA,"PK,G/A"
2780-14629,BCCH,"PK/A,W"
2780-14630,BCCH,"PK,A/Y"
2571-83073,SOSP,"P,A/BK"
2571-83074,SOSP,"BK/BU,A"
2651-43369,NOCA,"BU,A/G"
2750-34944,BCCH,"A/PK,W"
2750-34945,EAPH,"W,Y/A"
2750-34946,BCCH,"G/G,A"
2750-34947,BCCH,"P/BK,A"
2691-86609,CARW,"R,O/A"
2651-43420,GRCA,"BU,A/BK"
2651-43421,NOCA,"G/A,Y"
2651-43422,NOCA,"A/O,W"
2651-43220,EAPH,"A/BU,G"
2750-34948,BCCH,"O,A/PK"
2780-14631,BCCH,"PK,A/BK"
2571-83075,SOSP,"W,G/A"
2651-43370,GRCA,"A/R,R"
2780-14632,BCCH,"A,O/BU"
2780-14633,BCCH,"A,BU/BU"
2651-43372,GRCA,"O/W,A"
1352-74207,AMRO,"BU/G,A"
2651-43423,GRCA,"R,O/A"
2691-86610,SOSP,"A/G,Y"
2651-43424,GRCA,"BK,BU/A"
-,GRCA,"R/A,Y"
2780-14634,HOWR,"W,A/PK"
2651-43372,GRCA,"BU,A/G"
2651-43373,GRCA,"A/BU,Y"
1212-27618,AMRO,"BU/PK,A"
2571-83076,SOSP,"A/P,P"
1212-27619,AMRO,"O,O/A"
1212-27620,AMRO,"A,Y/R"
2780-14635,BCCH,"BU/PK,A"
2651-43374,NOCA,"P,W/A"
2571-83077,SOSP,"G/A,R"
2651-43375,NOCA,"A/R,P"
2780-14636,BCCH,"A/PK,PK"
2780-14637,BCCH,"PK,Y/A"
2571-83078,CARW,"A,O/G"
2780-14638,EAPH,"BU/Y,A"
2780-14639,EAPH,"R/A,-"
2780-14640,HOWR,"A/G,P"
2651-43376,GRCA,"PK/A,R"
1212-27621,AMRO,"O,Y/A"
2780-14641,HOWR,"A/R,W"
1212-27622,AMRO,"A/R,BU"
2780-14642,BCCH,"PK,A/R"
2780-14643,BCCH,"O/W,A"
2780-14644,BCCH,"PK/BK,A"
2571-83079,SOSP,"BU/A,W"
2571-83080,SOSP,"O,Y/A"
2571-83081,SOSP,"A/W,P"
2780-14645,HOWR,"G/R,A"
2651-43377,GRCA,"A/PK,Y"
2780-14646,BCCH,"PK/A,R"
2780-14647,BCCH,"O/A,GY"
2780-14648,HOWR,"BU,A/BU"
2750-34963,BCCH,"R/A,GY"
2750-34964,BCCH,"G,Y/A"
2750-34965,BCCH,"W,W/A"
2750-34966,HOWR,"BU/O,A"
2651-43438,NOCA,"A/R,BU"
2750-34967,BCCH,"GY/BU,A"
2691-86619,SOSP,"Y,PK/A"
2750-34968,HOWR,"R/A,R"
2750-34969,HOWR,"A/W,O"
2691-86620,SOSP,"Y,W/A"
1352-74210,NOMO,"A/O,BU"
1352-74211,NOMO,"W,A/R"
2691-86621,SOSP,"A/BU,R"
2780-14657,BCCH,"A/GY,BU"
2780-14658,HOWR,"A/R,BU"
2750-35057,BCCH,"G/A,PK"
2750-34972,BCCH,"A/GY,R"
2750-34970,HOWR,"A,G/Y"
2651-43439,GRCA,"O/O,A"
2651-43440,GRCA,"G/A,GY"
2750-34971,HOWR,"G/A,BU"
1352-74212,AMRO,"BK/A,Y"
1352-74213,AMRO,"A,BU/PK"
1352-74214,AMRO,"O,PK/A"
2750-34973,BCCH,"BR/BU,A"
2750-34973,BCCH,"G,A/GY"
2691-86622,SOSP,"W/PK,A"
2691-86623,SOSP,"Y/O,A"
2750-34975,HOWR,"W,A/R"
1352-74215,AMRO,"Y,O/A"
2750-34976,BCCH,"G,Y/A"
2750-34977,EAPH,"O,W/A"
2691-86624,SOSP,"Y/R,A"
2780-14659,HOWR,"BU/A,BU"
2780-14660,HOWR,"O/A,R"
2651-43385,GRCA,"W/GY,A"
2780-14661,BCCH,"GY/R,A"
2780-14662,BCCH,"A,G/BR"
2780-14663,BCCH,"A/BU,BR"
1212-27625,AMRO,"P/A,R"
265143275,GRCA,"A/W,PK"
2651-43386,NOCA,"BU,G/A"
2780-14664,HOWR,"A/BU,W"
2780-14665,HOWR,"A/BK,BK"
2780-14666,HOWR,"A,Y/R"
2780-14667,BCCH,"R,BR/A"
2780-14668,BCCH,"A,GY/BU"
2651-43441,GRCA,"GY,A/R"
2651-43442,NOCA,"A,BU/BU"
2651-43443,NOCA,"W/A,R"
2750-34978,HOWR,"O/R,A"
2651-43444,GRCA,"W,A/BK"
2651-43445,GRCA,"BR,G/A"
2651-43446,GRCA,"BU/GY,A"
1212-27626,AMRO,"A,R/Y"
2780-14669,HOWR,"A,BU/BU"
2571-83085,SOSP,"P/A,BU"
2571-83086,SOSP,"W/A,R"
1212-27627,NOMO,"BU,A/O"
2780-14670,BCCH,"GY,Y/A"
2651-43447,GRCA,"A,BK/Y"
2780-14671,BCCH,"GY,A/O"
2571-83087,SOSP,"P/BK,A"
2651-43387,GRCA,"G/A,W"
2780-14672,BCCH,"A,GY/Y"
2780-14673,BCCH,"BU/BR,A"
2780-14674,HOWR,"W/W,A"
2780-14675,BCCH,"BR,R/A"
2571-83088,SOSP,"A/O,W"
2780-14676,BCCH,"BR/A,W"
2780-14677,BCCH,"A,R/GY"
2780-14678,BCCH,"GY,G/A"
2780-14679,BCCH,"BR/Y,A"
2651-43388,GRCA,"PK/A,W"
2780-14680,BCCH,"BR/BU,A"
2571-83089,SOSP,"W/BU,A"
2571-83090,SOSP,"O,O/A"
2651-43389,NOCA,"A/P,W"
2651-43390,GRCA,"PK/BK,A"
1212-27628,AMRO,"Y,A/W"
1212-27629,NOMO,"Y/A,BU"
1212-27630,NOMO,"W,A/G"
2780-14681,BCCH,"A/O,BR"
2651-43391,GRCA,"A/BU,BR"
2651-43392,GRCA,"BR,W/A"
2651-43393,GRCA,"G/A,W"
2651-43394,GRCA,"A,GY/Y"
2651-43395,GRCA,"BR/A,O"
2651-43396,GRCA,"A,R/GY"
2780-14682,HOWR,"BK,BU/A"
2651-43397,NOCA,"G/A,BU"
2651-43398,NOCA,"A,Y/O"
2780-14683,BCCH,"A/O,GY"
2571-83091,SOSP,"Y/A,W"
2780-14684,HOWR,"W/A,O"
2651-43399,GRCA,"A/GY,O"
1212-27631,AMRO,"O,A/BU"
2571-83092,CARW,"G/A,W"
1212-27632,AMRO,"Y/G,A"
1212-27633,AMRO,"W/R,A"
2651-43400,GRCA,"BR/Y,A"
1212-27634,AMRO,"P/A,BK"
2780-14685,BCCH,"A/GY,O"
2780-14686,EAPH,"W,A/BU"
2780-14687,BCCH,"BU,A/GY"
2780-14688,BCCH,"R/BR,A"
2651-65601,GRCA,"A/BR,R"
2780-14689,BCCH,"BR,A/R"
2780-14690,BCCH,"BR/A,O"
2571-83093,CARW,"A/BU,Y"
2780-14691,BCCH,"A/BK,GY"
2780-14692,BCCH,"W,A/BR"
2780-14692,BCCH,"GY,A/BU"
2780-14694,BCCH,"A,O/BR"
2651-65602,GRCA,"A/BU,Y"
2780-14695,HOWR,"A,W/BK"
2780-14696,HOWR,"Y,A/R"
2780-14697,BCCH,"A/BR,W"
1212-27635,AMRO,"A,O/R"
2651-65603,GRCA,"O,A/BR"
2780-14698,HOWR,"G/A,R"
2651-65604,GRCA,"PK/A,BK"
2651-65605,GRCA,"A/GY,BU"
2571-83094,SOSP,"W/A,O"
2571-83095,SOSP,"A/PK,R"
2651-65606,GRCA,"A/BR,G"
2651-65607,GRCA,"PK,BU/A"
2780-14700,BCCH,"BR/R,A"
2780-93301,BCCH,"A,GY/W"
1212-27636,AMRO,"G/R,A"
2780-93302,BCCH,"A,BU/BR"
1212-27637,AMRO,"A/O,P"
2651-65608,GRCA,"R/BR,A"
2651-65609,GRCA,"O,A/GY"
2780-93303,BCCH,"A,Y/BR"
2651-65610,GRCA,"Y/A,GY"
2571-83204,SOSP,"W/A,W"
2571-83205,SOSP,"O/G,A"
2780-93304,HOWR,"O,BK/A"
2651-65611,GRCA,"R,BR/A"
2651-65612,GRCA,"A/G,GY"
2571-83206,SOSP,"P,A/Y"
2780-93305,BCCH,"A/BR,G"
2780-93306,BCCH,"O/A,BR"
2780-93307,BCCH,"W/BR,A"
2651-65613,GRCA,"GY,A/BU"
2780-93308,HOWR,"G,A/W"
2651-65622,GRCA,"P/A,P/P"
2651-65620,GRCA,"Y/A,Y/Y"
2651-65621,GRCA,"W/A,W/W"
2780-93309,HOWR,"BU/A,R"
2651-65624,GRCA,"PK/PK,A"
2571-83207,SOSP,"BK,A/Y"
2780-93310,BCCH,"Y,GY/A"
2780-93311,BCCH,"A/GY,W"
2780-93312,BCCH,"BR,O/A"
2780-93313,BCCH,"G,BR/A"
2651-65619,GRCA,"O/A,R/Y"
2651-65618,GRCA,"R/W,BU/A"
2651-65617,GRCA,"G/Y,O/A"
2651-65615,GRCA,"Y/A,Y/P"
2651-65616,GRCA,"R/R,R/A"
2780-93314,HOWR,"R,R/A"
2651-65614,GRCA,"R/BU,W/A"
2780-93315,BCCH,"A,BR/R"
1212-27638,AMRO,"BU,A/BU"
2651-65625,GRCA,"BU/BU,BU/A"
2651-65629,GRCA,"G/G,G/A"
2651-65628,GRCA,"Y/A,O/BU"
2651-65626,GRCA,"P/Y,W/A"
2571-83208,SOSP,"BU,A/BU"
2571-83209,SOSP,"A,BK/W"
2651-65631,GRCA,"GY,A/G"
2571-83210,CARW,"A/W,Y"
2651-65632,GRCA,"A,O/BR"
2651-65623,GRCA,"BU/R,Y/A"
2571-83211,SOSP,"O,A/BU"
2780-93316,BCCH,"Y/A,BR"
2780-93317,BCCH,"BU/A,BR"
2780-93318,BCCH,"GY/A,O"
2780-93319,BCCH,"A/R,BR"
2780-93320,BCCH,"BR,A/GY"
2651-65633,GRCA,"A,BU/BR"
2780-93321,BCCH,"A/BR,O"
2780-93322,BCCH,"Y/A,GY"
2651-65634,GRCA,"Y,GY/A"
2780-93323,BCCH,"GY/A,R"
2571-83212,SOSP,"BU/BU,A"
2571-83213,SOSP,"W/R,A"
2571-83214,SOSP,"BK/A,G"
272099619,BCCH,"A,R/BK"
-,GRCA,"A,G/W"
